station,station_name,staid,elevation_m,souid,year,annual,winter_half,summer_half,djf,mam,jja,son,jan,feb,mar,apr,may,jun,jul,aug,sep,oct,nov,dec
Kahler Asten,KAHLER ASTEN (WST),812,839,812,1887,NA,NA,9.1,NA,2.16,12.6,3.31,NA,NA,-2.02,3.11,5.42,11.57,14.25,11.94,8.14,1.66,0.18,-3.62
Kahler Asten,KAHLER ASTEN (WST),812,839,812,1888,3.84,-2.3,8.85,-4.31,2.24,11.09,4.85,-3.65,-5.76,-2.75,1.71,7.75,11.98,10.19,11.12,10.25,3.7,0.65,0.56
Kahler Asten,KAHLER ASTEN (WST),812,839,812,1889,NA,-0.9,NA,-2.49,NA,12.92,5.15,-2.72,-5.6,-2.4,3.16,NA,15.69,11.75,11.41,7.93,5.14,2.39,-4.04
Kahler Asten,KAHLER ASTEN (WST),812,839,812,1890,4.29,0.08,9.47,-2.76,4.68,11.08,5.04,0.35,-4.8,1.03,2.83,10.11,9.52,11.22,12.43,10.54,4.53,0.07,-7.05
Kahler Asten,KAHLER ASTEN (WST),812,839,812,1891,NA,NA,9.17,NA,3.12,11.11,6.3,NA,-0.12,-0.74,1.29,8.74,10.95,11.67,10.71,11.51,7.33,0.04,NA
Kahler Asten,KAHLER ASTEN (WST),812,839,812,1892,NA,NA,10.16,NA,3.32,12.6,NA,NA,-2.21,-2.58,3.56,9,11.4,12.04,14.32,10.46,NA,2.59,-4.33
Kahler Asten,KAHLER ASTEN (WST),812,839,812,1893,5.23,NA,10.73,-4.2,5.97,13.12,4.89,-7.33,-0.58,1.97,7.06,8.91,12.06,13.67,13.6,8.95,6.49,-0.83,-1.52
Kahler Asten,KAHLER ASTEN (WST),812,839,812,1894,5.23,0.31,9.78,-2.07,5.81,11.78,5.15,-3.44,-1.18,2.17,7.93,7.41,9.99,13.86,11.44,7.97,4.75,2.73,-1.19
Kahler Asten,KAHLER ASTEN (WST),812,839,812,1895,NA,-1.53,NA,-5.27,4.37,NA,NA,-6.14,-8.83,-1.08,5.29,8.91,NA,12.92,12.97,13.94,NA,2.51,-3.02
Kahler Asten,KAHLER ASTEN (WST),812,839,812,1896,NA,NA,9.21,NA,3.86,12.27,4.42,NA,-2.28,2.52,2.12,6.88,13.05,13.32,10.47,9.29,5.16,-1.23,NA
Kahler Asten,KAHLER ASTEN (WST),812,839,812,1897,NA,NA,NA,NA,3.94,NA,NA,-4.53,-0.84,1.47,3.4,6.93,13.76,NA,13.68,8.8,NA,2.44,-0.47
Kahler Asten,KAHLER ASTEN (WST),812,839,812,1898,NA,NA,9.83,-0.19,3.44,12.19,7.28,1.61,-1.86,-0.55,3.58,7.29,10.81,10.25,15.47,11.49,6.91,3.45,NA
Kahler Asten,KAHLER ASTEN (WST),812,839,812,1899,NA,NA,9.76,NA,3.4,13.05,NA,NA,NA,-0.17,3.27,7.1,11.09,13.83,14.15,8.89,5.9,NA,-4.67
Kahler Asten,KAHLER ASTEN (WST),812,839,812,1900,5.3,NA,10.02,-2.5,2.5,13.02,6.21,-1.58,-1.1,-2.56,3.04,7.03,11.93,14.89,12.19,10.92,5.67,2.05,0.7
Kahler Asten,KAHLER ASTEN (WST),812,839,812,1901,4.93,-0.36,10.72,-2.89,4.15,13.27,5.85,-3.53,-6.16,-1.36,4.37,9.45,11.64,15.2,12.91,10.56,6.22,0.74,-1.65
Kahler Asten,KAHLER ASTEN (WST),812,839,812,1902,4.09,0.36,8.63,-1.85,3.05,11.29,4.27,-0.48,-3.57,0.53,4.22,4.44,11.66,11.52,10.71,9.19,4.13,-0.52,-3.18
Kahler Asten,KAHLER ASTEN (WST),812,839,812,1903,5.11,0.38,9.04,-1.42,3.98,11.38,6.17,-1.56,0.7,2.7,0.2,8.93,10.77,12.18,11.17,10.83,6.54,1.12,-2.61
Kahler Asten,KAHLER ASTEN (WST),812,839,812,1904,5.18,-0.11,10.32,-2.71,4.48,13.15,4.88,-2.95,-2.56,-0.33,5.23,8.57,11.23,15.36,12.8,8.52,5.42,0.69,-0.13
Kahler Asten,KAHLER ASTEN (WST),812,839,812,1905,NA,0.27,NA,-1.93,3.95,NA,3.43,-3.98,-1.66,1.09,2.37,8.35,13.41,14.66,NA,9.17,1.01,0.17,-1.14
Kahler Asten,KAHLER ASTEN (WST),812,839,812,1906,5.28,-0.98,10.3,-1.85,4.13,12.56,7.28,-1.74,-2.76,-1.55,4.52,9.45,10.84,13.58,13.2,10.02,8.03,3.78,-4.57
Kahler Asten,KAHLER ASTEN (WST),812,839,812,1907,NA,0.01,NA,-3.85,NA,10.77,7.53,-2.91,-4.1,-0.46,2.36,NA,10.52,9.95,11.83,10.86,8.76,2.92,NA
Kahler Asten,KAHLER ASTEN (WST),812,839,812,1908,5.01,NA,9.7,NA,3.11,12.73,5.93,-2.02,-1.72,-1.18,1.04,9.4,13.88,13.68,10.68,9.4,7.76,0.58,-1.87
Kahler Asten,KAHLER ASTEN (WST),812,839,812,1909,NA,NA,9.23,-3.04,NA,11.13,5.39,-2.71,-4.7,NA,4.59,7.82,9.66,10.74,12.96,9.51,7.43,-0.83,-1.11
Kahler Asten,KAHLER ASTEN (WST),812,839,812,1910,NA,0.81,9.79,-0.98,4.61,12.23,NA,-1.3,-0.47,0.96,3.73,9.12,12.64,11.78,12.26,9.08,NA,-1.12,0.56
Kahler Asten,KAHLER ASTEN (WST),812,839,812,1911,NA,NA,NA,-1.36,4.83,NA,6.65,-2.89,-1.78,1.06,3.78,9.62,NA,16.09,16.69,12.25,5.88,1.82,0.76
Kahler Asten,KAHLER ASTEN (WST),812,839,812,1912,5.15,1.64,9.11,-0.24,4.93,12.29,3.31,-2.36,0.98,2.74,3.5,8.5,11.87,14.88,10.1,5.61,4.5,-0.22,1.43
Kahler Asten,KAHLER ASTEN (WST),812,839,812,1913,NA,0.96,NA,-0.56,5.58,10.87,NA,-2.42,-0.7,2.99,4.86,8.87,10.7,10.58,11.32,NA,8.17,3.86,-1.03
Kahler Asten,KAHLER ASTEN (WST),812,839,812,1914,5.66,1.54,10.4,-1.42,4.95,13.05,5.32,-4.9,2,1.25,6.71,6.94,10.67,14.07,14.32,9.53,5.54,0.88,0.68
Kahler Asten,KAHLER ASTEN (WST),812,839,812,1915,NA,0.22,NA,-1.23,NA,NA,3.76,-2.95,-1.43,-1.56,NA,9.45,NA,11.91,11.7,9.16,3.62,-1.5,0.95
Kahler Asten,KAHLER ASTEN (WST),812,839,812,1916,4.99,0.48,9.24,-0.2,5.13,10.8,4.98,0.52,-2.2,1.28,4.46,9.63,8.19,11.66,12.46,8.81,4.95,1.18,-1.5
Kahler Asten,KAHLER ASTEN (WST),812,839,812,1917,NA,-1.71,NA,-4.21,NA,NA,NA,-5.98,-5.24,-3.91,NA,12.11,NA,NA,12.82,11.66,NA,NA,-3.82
Kahler Asten,KAHLER ASTEN (WST),812,839,812,1918,5.71,NA,9.89,-1.44,6.24,11.08,4.99,-0.28,-0.09,1.92,5.56,11.2,8.57,12.28,12.33,9.21,5.15,0.61,1.51
Kahler Asten,KAHLER ASTEN (WST),812,839,812,1919,4.18,0.41,9.27,-0.96,3.35,11,4.21,-2.37,-2.15,-0.52,1.68,8.85,10.91,9.95,12.13,12.02,2.86,-2.19,-1.4
Kahler Asten,KAHLER ASTEN (WST),812,839,812,1920,NA,0.57,10,-0.31,6.23,11.74,5.38,-0.98,1.57,3.51,5.12,10.02,11.03,13.38,10.78,9.54,5.55,1.05,NA
Kahler Asten,KAHLER ASTEN (WST),812,839,812,1921,NA,NA,NA,NA,5.9,NA,NA,1.06,-1.23,3.16,4.44,10.05,10.15,15.24,NA,NA,9.82,-1.72,-1.16
Kahler Asten,KAHLER ASTEN (WST),812,839,812,1922,NA,-0.08,NA,-2.99,3.8,11.64,NA,-5.11,-2.66,0.03,1.27,10.03,11.83,11.61,11.49,NA,2.08,0.13,-0.47
Kahler Asten,KAHLER ASTEN (WST),812,839,812,1923,NA,NA,8.97,NA,4.12,11.17,5.48,-1.85,NA,1.97,3.17,7.17,6.45,14.82,12.08,9.88,6.8,-0.28,-4.17
Kahler Asten,KAHLER ASTEN (WST),812,839,812,1924,4.62,-1.28,9.41,-4.43,3.86,11.33,5.93,-3.61,-5.59,-1.08,2.41,10.22,11.26,12.67,10.05,9.71,6.73,1.31,0.87
Kahler Asten,KAHLER ASTEN (WST),812,839,812,1925,4.97,1.08,9.91,0.27,4.14,12.43,4.05,-0.01,-0.08,-2.43,4.57,10.28,10.52,13.97,12.74,7.13,5.94,-0.98,-2.46
Kahler Asten,KAHLER ASTEN (WST),812,839,812,1926,5.39,0.47,9.96,-0.93,4.4,11.68,6.34,-2.6,2.63,0.45,6.64,6.17,9.46,13.31,12.19,12,4.23,3.05,-2.58
Kahler Asten,KAHLER ASTEN (WST),812,839,812,1927,4.6,0.71,9.26,-1.83,4.03,11.98,4.95,-1.44,-1.43,2.29,2.76,6.98,9.58,13.43,12.84,9.79,5.63,-0.59,-5.08
Kahler Asten,KAHLER ASTEN (WST),812,839,812,1928,4.94,-0.3,9.3,-2.25,3.1,12.16,6.07,-1.38,-0.17,-0.2,3.59,5.93,9.67,14.59,12.14,9.7,5.9,2.61,-3.2
Kahler Asten,KAHLER ASTEN (WST),812,839,812,1929,4.75,-1.15,10.11,-5.76,3.81,12.43,7.09,-5.84,-8.52,1.58,0.15,9.58,10.09,13.58,13.55,13.5,5.83,2,0.46
Kahler Asten,KAHLER ASTEN (WST),812,839,812,1930,5.68,1.34,10.18,-0.48,4.73,12.9,6.01,0.82,-2.98,1.53,4.65,8.01,14.62,11.82,12.31,9.6,5.71,2.72,-1.14
Kahler Asten,KAHLER ASTEN (WST),812,839,812,1931,4.41,-0.18,9.33,-2.34,3.58,11.95,4.59,-2.44,-3.55,-2.62,2.04,11.26,11.98,12.61,11.27,6.58,4.52,2.67,-1.95
Kahler Asten,KAHLER ASTEN (WST),812,839,812,1932,5.27,-0.13,10.53,-1.91,2.97,13.59,5.61,0.86,-4.83,-2.25,2.67,8.48,11.03,13.83,15.83,11.15,4.51,1.21,0.32
Kahler Asten,KAHLER ASTEN (WST),812,839,812,1933,4.82,0.4,10.26,-2.19,4.84,12.79,5.75,-4.14,-2.81,3,3.7,7.79,10.57,14.21,13.53,11.59,5.78,-0.11,-5.84
Kahler Asten,KAHLER ASTEN (WST),812,839,812,1934,6.11,-0.68,11.33,-3.29,5.38,12.93,6.54,-2.15,-1.74,-0.08,7.07,9.2,12.48,13.95,12.35,12.9,5.99,0.76,2.11
Kahler Asten,KAHLER ASTEN (WST),812,839,812,1935,4.82,0.55,9.95,-1.03,3.17,13.24,5.51,-3.19,-2.13,-0.49,3.44,6.56,12.95,13.56,13.18,9.86,4.48,2.21,-3.01
Kahler Asten,KAHLER ASTEN (WST),812,839,812,1936,5.03,0.58,9.55,-1.95,4.24,12.46,4.64,-0.35,-2.52,2.52,1.32,8.77,12.58,12.05,12.74,9.65,2.9,1.44,-1.07
Kahler Asten,KAHLER ASTEN (WST),812,839,812,1937,5.24,-0.32,10.64,-1.59,4.51,12.89,5.78,-2.59,-1.06,-1.55,3.94,11.13,12.29,12.79,13.58,9.94,7.21,0.13,-3.41
Kahler Asten,KAHLER ASTEN (WST),812,839,812,1938,5.23,0.8,9.58,-2.31,3.98,12.83,6.66,-1.47,-2.04,4.1,0.84,6.89,11.98,12.61,13.89,11.14,4.81,4.09,-4.56
Kahler Asten,KAHLER ASTEN (WST),812,839,812,1939,4.81,0.12,10.09,-2.1,2.99,13.1,4.93,-0.76,-0.86,-1.97,4.52,6.47,12.8,12.76,13.74,10.14,2.5,2.24,-4.12
Kahler Asten,KAHLER ASTEN (WST),812,839,812,1940,NA,-2.35,NA,-6.12,4,NA,5.04,-9.02,-5.17,-0.55,3.96,8.6,12.83,NA,10.34,8.61,4.66,1.84,-5.42
Kahler Asten,KAHLER ASTEN (WST),812,839,812,1941,3.89,-1.58,9.05,-5.49,2.09,12.78,4.48,-7.6,-3.24,0.23,1.47,4.55,13.18,14.75,10.44,9.82,4.64,-1.02,-1.02
Kahler Asten,KAHLER ASTEN (WST),812,839,812,1942,NA,-2.62,NA,-6.44,NA,11.97,6.66,-10.66,-7.76,-0.35,3.56,NA,10.27,11.37,14.21,11.58,8.3,0.04,-0.31
Kahler Asten,KAHLER ASTEN (WST),812,839,812,1943,5.71,1.4,10.4,-0.9,5.71,12.57,5.87,-2.75,0.51,2.47,5.27,9.38,9.75,14.06,13.81,9.91,7.78,-0.15,-1.99
Kahler Asten,KAHLER ASTEN (WST),812,839,812,1944,4.68,-0.31,10.03,-2.26,3.18,12.98,4.67,0.03,-4.98,-2.85,4.82,7.63,9.53,13.01,16.28,8.65,5.03,0.3,-1.78
Kahler Asten,KAHLER ASTEN (WST),812,839,812,1945,NA,NA,NA,NA,NA,NA,NA,NA,NA,NA,NA,NA,NA,NA,NA,NA,NA,NA,NA
Kahler Asten,KAHLER ASTEN (WST),812,839,812,1946,NA,NA,NA,NA,NA,NA,NA,NA,NA,NA,NA,NA,NA,NA,NA,NA,NA,NA,NA
Kahler Asten,KAHLER ASTEN (WST),812,839,812,1947,5.98,NA,12.95,NA,5.74,15.33,7.76,-5.97,-8.39,0.17,6.04,11.02,14.34,15.52,16.1,14.56,6.76,1.99,-1.31
Kahler Asten,KAHLER ASTEN (WST),812,839,812,1948,6.4,1.78,10.71,-0.96,6.88,12.49,6.67,0.46,-2.12,4.63,6.3,9.68,12.03,12.64,12.79,10.73,5.74,3.57,0
Kahler Asten,KAHLER ASTEN (WST),812,839,812,1949,6.47,1.44,11.49,-0.08,5.09,12.8,7.99,-0.33,0.11,-0.54,7.37,8.51,10.28,14.12,13.91,14.7,8.3,0.96,-0.14
Kahler Asten,KAHLER ASTEN (WST),812,839,812,1950,5.5,1.53,10.81,-0.85,5.05,14.23,5.16,-2.92,0.65,2.2,2.55,10.32,14.3,14.05,14.35,9.09,5.17,1.22,-5.26
Kahler Asten,KAHLER ASTEN (WST),812,839,812,1951,5.78,-0.29,10.22,-2.38,3.42,12.77,7.04,-0.81,-0.93,-1.13,3.15,8.24,11.33,13.6,13.33,11.52,5.85,3.77,0.99
Kahler Asten,KAHLER ASTEN (WST),812,839,812,1952,4.8,0.83,10.7,-1.66,5.77,13.42,2.91,-3.07,-2.98,0.27,7.97,9.13,11.45,14.54,14.22,6.68,3.7,-1.69,-2.93
Kahler Asten,KAHLER ASTEN (WST),812,839,812,1953,6.44,-0.47,10.82,-3.02,6.48,12.94,7.4,-3.32,-2.79,3.91,5.84,9.67,12.56,13.23,13.02,10.46,8.58,3.12,2.32
Kahler Asten,KAHLER ASTEN (WST),812,839,812,1954,4.72,1,9.2,-2.71,4.51,11.31,6.4,-6,-4.64,2.16,2.46,8.85,11.93,9.75,12.25,9.86,7.29,2.02,0.06
Kahler Asten,KAHLER ASTEN (WST),812,839,812,1955,4.17,-0.39,9.41,-2.92,1.98,12.39,5.27,-3.5,-5.56,-3.09,3.34,5.74,10.57,13.34,13.21,10.13,4.53,1.18,-0.52
Kahler Asten,KAHLER ASTEN (WST),812,839,812,1956,3.4,-1.58,8.62,-5.06,3.39,10.21,4.98,-3.29,-11.81,-0.13,1.24,8.99,8.25,12.61,9.72,10.7,4.86,-0.63,-0.45
Kahler Asten,KAHLER ASTEN (WST),812,839,812,1957,5.23,0.97,9.18,-0.8,4.55,12.4,5.16,-2.17,0.31,3.8,4.15,5.68,12.7,13.69,10.81,7.97,6.5,0.96,-1.98
Kahler Asten,KAHLER ASTEN (WST),812,839,812,1958,4.69,-0.48,9.6,-2.16,2.09,12,6.15,-2.99,-1.45,-3.94,1.05,9.14,10.3,12.47,13.17,11.3,6.21,0.94,-0.41
Kahler Asten,KAHLER ASTEN (WST),812,839,812,1959,6.43,1.23,11.51,-1.1,6.14,13.99,6.66,-2.96,0.19,3.29,6.15,8.98,12.19,15.88,13.83,11.88,7.04,1.05,-0.84
Kahler Asten,KAHLER ASTEN (WST),812,839,812,1960,4.89,0.5,9.42,-2.06,4.67,11.35,5.98,-3.25,-2.09,0.98,3.91,9.1,11.94,10.76,11.38,9.32,6.11,2.5,-2.18
Kahler Asten,KAHLER ASTEN (WST),812,839,812,1961,5.62,1.32,10.07,-1.32,5.19,11.31,7.4,-3.66,2.24,3.02,6.88,5.73,11.81,10.24,11.89,13.94,7.44,0.82,-2.9
Kahler Asten,KAHLER ASTEN (WST),812,839,812,1962,3.49,-0.62,8.16,-2.73,1.54,10.49,5.05,-1.72,-3.66,-3.93,3.78,4.84,9.76,10.35,11.34,8.85,6.77,-0.54,-4.4
Kahler Asten,KAHLER ASTEN (WST),812,839,812,1963,3.93,-2.49,9.86,-7.29,4.26,12.04,6.53,-10.22,-7.24,0.32,4.93,7.54,11.44,13.21,11.45,10.52,5.27,3.84,-4.5
Kahler Asten,KAHLER ASTEN (WST),812,839,812,1964,4.97,-0.52,10.71,-3.2,4.01,13,5.22,-3.01,-2.01,-2.65,4.55,10.16,12.8,14.01,12.19,10.39,3.82,1.49,-2.29
Kahler Asten,KAHLER ASTEN (WST),812,839,812,1965,3.99,-0.87,8.71,-3.21,3.12,10.91,4.63,-2.43,-5.11,-1.03,2.97,7.41,11.45,10.1,11.18,9.06,6.44,-1.68,-1.2
Kahler Asten,KAHLER ASTEN (WST),812,839,812,1966,5.09,-0.12,9.99,-1.68,4.66,11.79,5.62,-5.23,1.7,-0.61,5.28,9.33,12.8,11.08,11.51,9.89,7.64,-0.72,-1.67
Kahler Asten,KAHLER ASTEN (WST),812,839,812,1967,5.4,0.56,9.99,-1.58,3.98,12.86,6.41,-2.06,-0.94,0.92,2.4,8.57,10.77,15.19,12.56,10.22,7.39,1.58,-2.27
Kahler Asten,KAHLER ASTEN (WST),812,839,812,1968,4.71,0.12,9.68,-2.95,4.09,12.08,6.13,-3.55,-3.02,0.44,5.33,6.54,11.39,12.2,12.62,9.94,7.54,0.88,-3.97
Kahler Asten,KAHLER ASTEN (WST),812,839,812,1969,4.64,-0.75,10.13,-3.46,3.08,12.7,6.92,-1.13,-5.47,-2.75,2.99,9.02,10.58,14.74,12.7,10.55,9.11,1.02,-6.41
Kahler Asten,KAHLER ASTEN (WST),812,839,812,1970,4.43,-1.06,9.54,-4.77,2,12.79,6.31,-3.13,-4.76,-2.49,0.54,7.9,13.35,11.4,13.64,10.25,5.72,2.99,-2.79
Kahler Asten,KAHLER ASTEN (WST),812,839,812,1971,5.32,-0.08,10.45,-2.09,4.24,12.58,5.18,-1.38,-2.1,-3,5.04,10.69,9.81,14.23,13.61,9.08,6.47,-0.06,0.81
Kahler Asten,KAHLER ASTEN (WST),812,839,812,1972,4.61,0.8,8.71,-1.41,4.02,11.74,4.37,-4.77,-0.17,2.41,2.67,6.94,10.11,13.56,11.49,7.29,4.8,1,-0.29
Kahler Asten,KAHLER ASTEN (WST),812,839,812,1973,5.02,0.4,10.15,-1.4,3.26,13.51,5.35,-1.62,-2.39,0.61,0.78,8.3,12.42,13.02,15.06,11.13,4.73,0.22,-2.55
Kahler Asten,KAHLER ASTEN (WST),812,839,812,1974,5.11,0.76,9.17,-0.85,4.73,11.27,3.89,0.47,-0.43,1.99,4.97,7.23,9.95,10.43,13.38,8.92,1.29,1.54,1.15
Kahler Asten,KAHLER ASTEN (WST),812,839,812,1975,5.59,0.73,10.46,0.6,3.28,13.58,5.83,0.95,-0.4,-0.22,2.84,7.19,10.37,14.36,15.91,11.88,5.64,-0.03,-1.91
Kahler Asten,KAHLER ASTEN (WST),812,839,812,1976,5.27,-0.34,10.71,-1.8,3.39,14.08,5.99,-2.03,-1.44,-2.3,3.24,9.22,13.7,15.64,12.91,9.35,7.31,1.26,-3.85
Kahler Asten,KAHLER ASTEN (WST),812,839,812,1977,5.15,0.73,8.69,-2.34,3.71,11.69,6,-2.51,-0.49,2.56,1.06,7.43,10.84,12.17,12.05,8.39,8.47,1.05,0.3
Kahler Asten,KAHLER ASTEN (WST),812,839,812,1978,4.42,0.71,8.56,-2.14,3.95,10.71,5.94,-2.63,-4.32,0.92,3.04,7.86,10.27,11.09,10.75,8.18,6.6,3.01,-2.42
Kahler Asten,KAHLER ASTEN (WST),812,839,812,1979,4.16,-0.78,9.09,-4.69,3.3,11.39,5.57,-7.11,-4.52,-0.5,2.31,8.06,12.14,10.98,11.09,9.9,6.36,0.41,0.22
Kahler Asten,KAHLER ASTEN (WST),812,839,812,1980,4.26,0.38,9.16,-1.44,3.13,11.32,4.89,-4.41,-0.04,-0.27,2.48,7.16,10.22,10.93,12.78,11.26,4.18,-0.74,-2.51
Kahler Asten,KAHLER ASTEN (WST),812,839,812,1981,4.71,-0.43,9.98,-3.22,5.74,11.76,5.15,-3.38,-3.84,3.36,4.49,9.31,10.66,11.96,12.62,10.69,3.85,0.94,-4.72
Kahler Asten,KAHLER ASTEN (WST),812,839,812,1982,5.8,-0.53,10.74,-2.87,3.96,13.36,7.4,-1.91,-1.89,0.45,2.61,8.78,12.02,14.92,13.1,12.83,6.41,2.99,-1.19
Kahler Asten,KAHLER ASTEN (WST),812,839,812,1983,5.73,0.81,10.85,-1.78,3.81,14.69,5.93,0.53,-4.99,0.6,4.38,6.46,12.25,16.8,14.94,10.07,5.79,1.94,-0.87
Kahler Asten,KAHLER ASTEN (WST),812,839,812,1984,4.63,-0.08,8.83,-2.33,2.71,11.65,6.51,-2.64,-3.54,-1.33,3.15,6.31,9.39,11.72,13.77,8.45,7.04,4.01,-1.04
Kahler Asten,KAHLER ASTEN (WST),812,839,812,1985,4.07,-0.44,9.5,-4.43,4.13,11.21,4.54,-7.31,-5.01,-0.65,3.42,9.6,8.72,13.03,11.8,10.2,6.22,-2.86,0.94
Kahler Asten,KAHLER ASTEN (WST),812,839,812,1986,4.4,-1.47,9.43,-3.99,3.72,12.4,5.98,-3.46,-10.02,-0.5,1.44,10.13,12.43,12.81,11.95,7.57,7.05,3.27,-1
Kahler Asten,KAHLER ASTEN (WST),812,839,812,1987,4.17,-0.76,9.37,-3.65,2.53,11.14,6.24,-7.46,-2.38,-4.06,6.14,5.65,9.58,12.3,11.48,11.02,6.21,1.51,-0.22
Kahler Asten,KAHLER ASTEN (WST),812,839,812,1988,5.34,0.75,9.87,-0.59,4.29,11.82,5.44,0.43,-2.06,-1.53,3.9,10.47,10.4,12.07,12.94,9.22,6.49,0.58,0.71
Kahler Asten,KAHLER ASTEN (WST),812,839,812,1989,6.61,2.2,10.5,0.78,5.7,12.78,6.85,0.83,0.79,3.62,2.59,10.79,11.5,13.59,13.19,11.1,7.65,1.75,1.33
Kahler Asten,KAHLER ASTEN (WST),812,839,812,1990,5.96,2.69,9.95,1.04,5.72,12.75,5.47,-0.38,2.3,3.41,3.38,10.27,10.78,12.45,14.96,7.58,7.81,0.95,-2.37
Kahler Asten,KAHLER ASTEN (WST),812,839,812,1991,5.09,0.58,9.7,-3.15,4.22,12.59,6.08,-2.08,-5.2,3.83,3.31,5.48,8.29,15.03,14.31,11.56,5.25,1.46,-0.96
Kahler Asten,KAHLER ASTEN (WST),812,839,812,1992,6.05,1.09,11.19,-0.51,5.33,14.04,4.97,-0.89,0.39,1.26,3.77,10.9,12.96,14.53,14.58,10.19,2.81,1.98,-0.04
Kahler Asten,KAHLER ASTEN (WST),812,839,812,1993,5.3,0.68,10.32,-0.53,6.28,11.71,3.77,-0.39,-1.24,0.84,7.2,10.83,11.8,11.96,11.36,8.64,4.58,-1.93,-0.53
Kahler Asten,KAHLER ASTEN (WST),812,839,812,1994,6.17,0.1,10.81,-1.48,4.91,14.32,6.43,-0.79,-3.3,2.19,4.07,8.45,11.74,17.74,13.39,9.23,5.12,4.98,0.52
Kahler Asten,KAHLER ASTEN (WST),812,839,812,1995,5.61,1.18,10.76,-0.66,4.07,14.14,6.31,-2.98,0.61,-1.09,4.51,8.81,10.35,16.67,15.27,8.63,9.26,0.95,-4.08
Kahler Asten,KAHLER ASTEN (WST),812,839,812,1996,3.77,-0.81,9.05,-4.2,2.9,11.87,4.53,-4.02,-4.52,-2.65,5.1,6.32,11.21,11.49,12.88,7.21,6.05,0.27,-4.34
Kahler Asten,KAHLER ASTEN (WST),812,839,812,1997,5.58,0.36,10.36,-2.5,4.76,13.39,5.42,-3.26,0.39,3.07,2.58,8.56,11.22,12.68,16.21,10.72,4.31,1.27,-1.2
Kahler Asten,KAHLER ASTEN (WST),812,839,812,1998,5.21,1.01,10,-0.34,5.33,11.86,4.03,-1.08,1.44,1.38,4.33,10.25,11.87,11.45,12.26,9.73,4.15,-1.8,-1.67
Kahler Asten,KAHLER ASTEN (WST),812,839,812,1999,5.88,-0.04,11.19,-1.59,5.63,12.79,6.49,-0.14,-3.11,1.99,5.11,9.78,10.65,14.79,12.86,13.81,5.3,0.41,-1.57
Kahler Asten,KAHLER ASTEN (WST),812,839,812,2000,6.19,0.55,10.93,-1.32,6.33,12.39,6.6,-2.06,-0.25,1.41,6.4,11.18,12.81,10.39,13.97,10.77,6.66,2.38,0.49
Kahler Asten,KAHLER ASTEN (WST),812,839,812,2001,5.62,1.18,10.28,-0.76,4.62,13.38,6.21,-2.25,-0.51,0.17,2.68,10.96,10.65,14.61,14.81,7.67,9.92,0.9,-2.76
Kahler Asten,KAHLER ASTEN (WST),812,839,812,2002,6.08,1.78,10.7,-0.81,5.18,13.68,5.74,-0.61,1.13,2.01,4,9.5,12.9,13.16,14.97,9.49,4.52,3.25,-1.66
Kahler Asten,KAHLER ASTEN (WST),812,839,812,2003,6.33,0.5,12.16,-2.68,5.92,15.68,5.76,-3.5,-2.89,3.06,4.81,9.86,15.23,14.63,17.17,11.11,2.54,3.72,-0.37
Kahler Asten,KAHLER ASTEN (WST),812,839,812,2004,5.35,0.28,10.24,-1.61,4.33,12.71,5.96,-3.22,-1.21,0.23,5.64,7.15,10.97,12.43,14.69,10.47,6.53,0.85,-0.53
Kahler Asten,KAHLER ASTEN (WST),812,839,812,2005,5.75,0.37,10.86,-2.07,5.16,12.67,7.64,-1.47,-4.43,0.79,6.11,8.62,12.51,13.81,11.69,12.34,9.05,1.47,-2.17
Kahler Asten,KAHLER ASTEN (WST),812,839,812,2006,6.4,0,11.68,-2.86,3.55,14.31,9.08,-3.38,-3.05,-2.18,3.63,9.21,13.06,18.74,11.11,14.23,9.15,3.86,1.82
Kahler Asten,KAHLER ASTEN (WST),812,839,812,2007,6.47,3.19,11.22,1.1,7.36,12.96,4.99,0.65,0.79,2.63,9.12,10.38,13.35,12.77,12.76,8.86,5.45,0.64,-0.17
Kahler Asten,KAHLER ASTEN (WST),812,839,812,2008,5.95,1.21,10.68,0.46,4.86,13.41,5.53,0.33,1.29,-0.27,3.29,11.51,12.98,14.03,13.22,8.84,5.74,2.01,-1.79
Kahler Asten,KAHLER ASTEN (WST),812,839,812,2009,5.93,0.12,11.69,-2.58,6.48,13.26,6.75,-3.63,-2.3,0.5,9.14,9.87,10.65,13.89,15.16,11.29,4.95,4.08,-2.82
Kahler Asten,KAHLER ASTEN (WST),812,839,812,2010,4.53,-0.49,10.5,-4.16,3.96,14.2,5.05,-6.01,-3.6,0.31,5.62,6.01,13.04,17.01,12.52,8.64,5.43,1.07,-6.18
Kahler Asten,KAHLER ASTEN (WST),812,839,812,2011,6.8,-0.01,11.59,-3.13,7.46,12.49,8.08,-1.6,-1.45,2.6,9.17,10.67,12.35,11.53,13.59,12.17,6.85,5.26,0
Kahler Asten,KAHLER ASTEN (WST),812,839,812,2012,5.74,1.7,10.56,-2.21,6.41,12.93,6.17,-1.44,-5.39,4.59,3.9,10.65,10.62,13.1,14.98,9.88,6.36,2.25,-1.17
Kahler Asten,KAHLER ASTEN (WST),812,839,812,2013,5.13,-0.7,10.54,-3.03,2.54,14.02,5.96,-3.41,-4.68,-3.82,3.95,7.53,11.48,15.94,14.56,9.55,7.18,1.11,1.41
Kahler Asten,KAHLER ASTEN (WST),812,839,812,2014,6.98,2.52,11.11,0.64,6.98,12.99,8.03,-0.02,0.52,4.7,7.76,8.52,11.64,15.68,11.61,11.38,8.82,3.86,-1.08
Kahler Asten,KAHLER ASTEN (WST),812,839,812,2015,6.41,1.58,10.76,-1.65,4.94,14.13,6.35,-1.77,-2.14,1.47,5.11,8.25,11.52,14.87,15.91,8.68,5.48,4.9,3.98
Kahler Asten,KAHLER ASTEN (WST),812,839,812,2016,6.18,1.93,11.66,0.51,4.46,13.94,6.72,-1.4,-1.18,-0.33,3.77,9.91,13,14.45,14.35,14.33,4.89,1,1.11
Kahler Asten,KAHLER ASTEN (WST),812,839,812,2017,6.31,1.23,11.03,-0.92,6.17,14.07,6.4,-3.87,0.09,4.05,3.26,11.1,13.94,14.22,14.04,9.38,7.99,1.76,-0.8
Kahler Asten,KAHLER ASTEN (WST),812,839,812,2018,7.34,0.49,13.61,-2.02,7.1,15.78,7.79,0.13,-5.75,-0.95,9.69,12.64,13.63,17.47,16.19,11.87,8.56,2.92,0.69
Kahler Asten,KAHLER ASTEN (WST),812,839,812,2019,7.01,2.48,11.81,0.14,5.3,15.7,6.58,-2.87,2.88,2.76,6.2,6.98,16.36,14.93,15.84,10.45,7.41,1.84,1.16
Kahler Asten,KAHLER ASTEN (WST),812,839,812,2020,7.29,2.35,12.1,1.07,6.05,14.51,7.75,1.23,0.79,1.56,8.19,8.48,13.2,13.51,16.77,12.39,6.32,4.6,0.31
Kahler Asten,KAHLER ASTEN (WST),812,839,812,2021,5.89,1.65,10.47,-1.03,3.42,14.03,7.02,-2.74,-0.62,1.92,1.8,6.5,15.7,14.01,12.43,12.36,6.94,1.77,0.19
Kahler Asten,KAHLER ASTEN (WST),812,839,812,2022,7.48,2.08,12.1,0.09,6.17,15.67,8.16,-0.26,0.37,3.29,4.23,10.91,14.5,15.21,17.28,10.26,9.88,4.3,-0.82
Kahler Asten,KAHLER ASTEN (WST),812,839,812,2023,7.16,2.63,11.97,-0.09,4.89,14.64,8.46,-0.08,0.71,1.64,3.57,9.42,15.46,14.23,14.25,14.85,8.73,1.79,0.92
Kahler Asten,KAHLER ASTEN (WST),812,839,812,2024,7.51,2.84,12.11,0.71,7.11,14.43,7.5,-1.31,2.96,3.94,5.95,11.42,12.16,14.67,16.38,11.85,7.99,2.64,0.65
Kahler Asten,KAHLER ASTEN (WST),812,839,812,2025,7.13,2.47,11.89,-0.14,7.15,14.45,6.69,0.02,-1.2,4.38,7.6,9.48,14.45,14.19,14.7,10.84,6.09,3.15,1.29
Dortmund,DORTMUND,4021,120,4021,1950,9.56,NA,14.79,NA,9.2,18.07,9.12,1.02,5.63,6.37,7.61,13.58,18.22,17.88,18.11,13.18,8.55,5.66,-1.22
Dortmund,DORTMUND,4021,120,4021,1951,9.63,4.03,13.89,2.18,7.4,16.47,10.41,3.99,3.95,3.31,6.97,11.92,15.28,17.23,16.86,14.95,7.87,8.5,4.43
Dortmund,DORTMUND,4021,120,4021,1952,9,4.83,14.58,2.55,9.85,17.25,7.36,1.62,1.54,4.91,11.12,13.57,15.78,18.28,17.63,10.91,8.3,2.85,1.18
Dortmund,DORTMUND,4021,120,4021,1953,10.05,3.27,14.73,1.08,9.62,16.83,11.03,0.77,1.33,5,9.62,14.25,16.39,17.28,16.82,13.9,11.76,7.41,5.42
Dortmund,DORTMUND,4021,120,4021,1954,9.22,5.05,13.53,1.51,9.06,15.45,10.84,-1.29,0.27,6.36,7.28,13.47,15.81,14.62,15.92,13.97,11.72,6.81,5.09
Dortmund,DORTMUND,4021,120,4021,1955,8.9,4.4,14.12,1.87,7.17,16.99,9.65,0.6,-0.27,2.06,8.67,10.82,15.46,18.16,17.31,14.16,8.81,6.01,4.36
Dortmund,DORTMUND,4021,120,4021,1956,8.17,3.2,13.18,-0.36,8.36,14.9,9.41,1.71,-7.63,5.36,6.18,13.47,13.22,17.08,14.35,14.58,9.32,4.35,5.17
Dortmund,DORTMUND,4021,120,4021,1957,9.86,5.97,13.72,4.56,9.09,16.92,9.68,2.94,5.68,8.31,8.66,10.3,17.07,18.1,15.6,12.51,10.54,5.97,2.39
Dortmund,DORTMUND,4021,120,4021,1958,9.41,4.39,14.21,2.88,6.9,16.59,10.45,2.28,4.08,1.11,6.37,13.21,15.3,16.9,17.52,15.78,10.4,5.18,4.42
Dortmund,DORTMUND,4021,120,4021,1959,10.25,5.14,15.35,2.55,10.37,18.08,9.78,1.73,1.38,7.35,10.55,13.2,17.01,19.65,17.54,14,9.88,5.47,4.52
Dortmund,DORTMUND,4021,120,4021,1960,9.65,5.25,13.78,3.3,9.54,15.82,10.47,2.06,3.32,6.13,9.06,13.4,16.33,15.4,15.75,12.62,10.84,7.93,2.72
Dortmund,DORTMUND,4021,120,4021,1961,9.97,6.15,14.35,3.59,9.53,15.73,11.21,1.8,6.53,7.17,10.73,10.73,16.13,15.05,16.02,17.47,11.42,4.75,1.84
Dortmund,DORTMUND,4021,120,4021,1962,8.4,4.29,13.1,2.58,7.01,15.31,9.36,3.59,2.27,1.7,9.04,10.34,15.07,15.17,15.67,13.22,10.6,4.23,-0.48
Dortmund,DORTMUND,4021,120,4021,1963,8.49,1.89,14.45,-3.13,9.25,16.73,11.05,-5.98,-2.91,5.49,9.95,12.32,16.3,17.77,16.12,14.17,9.74,9.29,-1
Dortmund,DORTMUND,4021,120,4021,1964,9.72,4.12,15.54,0.97,9.16,17.65,9.8,0.33,3.75,2.74,9.64,15.12,17.4,18.61,16.92,15.44,8.03,5.99,2.61
Dortmund,DORTMUND,4021,120,4021,1965,8.92,4.2,13.48,2.06,8.43,15.58,8.84,2.79,0.65,4.81,7.85,12.6,16.1,15.13,15.55,13.58,10.09,2.81,4.38
Dortmund,DORTMUND,4021,120,4021,1966,9.93,4.69,14.72,3.42,9.69,16.59,10.09,0.15,5.98,4.78,10.04,14.27,17.53,15.86,16.41,14.15,11.99,4.07,3.72
Dortmund,DORTMUND,4021,120,4021,1967,10.37,5.9,14.79,4.11,9.35,17.5,10.86,3.67,5.03,6.75,7.62,13.63,15.51,19.75,17.17,14.83,12.42,5.28,2.26
Dortmund,DORTMUND,4021,120,4021,1968,9.8,4.99,14.96,1.87,9.86,17.15,10.89,1.57,1.77,6.41,11.24,11.97,16.51,17.45,17.49,15.02,12.25,5.35,0.3
Dortmund,DORTMUND,4021,120,4021,1969,9.79,4.24,15.28,1.69,8.5,17.85,11.64,4.55,0.07,2.56,8.81,14.14,15.88,19.74,17.85,15.04,13.09,6.73,-1.66
Dortmund,DORTMUND,4021,120,4021,1970,9.67,3.97,14.83,0.19,7.78,17.83,11.4,1.46,0.83,3.15,6.52,13.64,18.37,16.87,18.27,15.18,10.53,8.53,2.13
Dortmund,DORTMUND,4021,120,4021,1971,10.25,5.17,15.17,3.04,9.29,17.41,9.9,3.29,3.75,2.78,9.52,15.57,14.96,18.94,18.25,13.56,10.94,5.18,5.74
Dortmund,DORTMUND,4021,120,4021,1972,9.61,5.84,13.76,3.79,9.34,16.64,9.04,0.67,5.06,7.41,8.07,12.52,14.82,18.67,16.38,11.91,9.17,6.04,4.36
Dortmund,DORTMUND,4021,120,4021,1973,10.04,5.19,15.2,3.25,8.66,18.47,10.06,2.6,2.75,6,6.57,13.34,17.75,18.2,19.45,15.72,8.91,5.61,3.04
Dortmund,DORTMUND,4021,120,4021,1974,10.33,5.91,14.25,4.63,9.72,16.38,9.13,5.96,4.91,6.94,9.97,12.26,15.51,15.65,17.96,14.07,6.59,6.82,6.95
Dortmund,DORTMUND,4021,120,4021,1975,NA,6.09,15.39,6.01,8.48,18.56,NA,6.84,4.05,5.11,8.19,12.13,15.62,19.12,20.84,16.27,NA,NA,2.71
Dortmund,DORTMUND,4021,120,4021,1976,10.37,NA,15.81,3.16,8.63,19.28,10.81,3.43,3.37,3.24,8.38,14.27,19.19,20.61,18.05,14.16,11.58,6.66,1.27
Dortmund,DORTMUND,4021,120,4021,1977,10.12,5.88,13.59,3.05,8.81,16.52,10.76,2.79,5.31,7.65,6.76,11.94,15.61,17.35,16.55,13.17,12.45,6.61,4.84
Dortmund,DORTMUND,4021,120,4021,1978,9.33,5.74,13.69,2.84,9.08,15.9,10.37,2.8,0.68,6.58,7.88,12.73,15.53,16.19,15.98,13.71,11.19,6.17,1.91
Dortmund,DORTMUND,4021,120,4021,1979,9.07,3.5,14.11,-0.49,8.6,16.47,10.25,-2.8,-0.6,4.84,7.88,13.06,16.71,16.56,16.16,14.18,10.79,5.76,5.62
Dortmund,DORTMUND,4021,120,4021,1980,9.39,5.38,14.23,3.5,8.44,16.45,9.92,0.17,4.79,5.14,7.93,12.23,15.43,16.02,17.87,15.78,9.35,4.64,3.26
Dortmund,DORTMUND,4021,120,4021,1981,9.69,4.86,14.89,2.05,10.79,16.85,10.03,1.71,1.08,8.77,9.15,14.4,15.79,17.35,17.39,15.13,8.75,6.25,-0.08
Dortmund,DORTMUND,4021,120,4021,1982,10.5,4.12,15.49,1.31,9.07,18.14,12.14,1.22,2.94,5.57,8.06,13.55,16.89,19.74,17.76,16.77,11.3,8.36,3.41
Dortmund,DORTMUND,4021,120,4021,1983,10.54,5.87,15.59,3.17,9.11,19.15,10.37,5.92,-0.14,5.88,9.84,11.63,17.42,21.11,18.86,14.53,10.5,6.07,4.02
Dortmund,DORTMUND,4021,120,4021,1984,9.6,4.92,13.66,2.99,7.73,16.37,11.2,3.09,1.77,3.92,8.15,11.12,14.53,16.65,17.88,13.49,12,8.1,4.25
Dortmund,DORTMUND,4021,120,4021,1985,8.76,4.01,14.46,-0.21,9.19,16.28,8.97,-3.83,-1.14,4.31,9.12,14.13,14.12,18.01,16.64,14.55,10.13,2.18,6.08
Dortmund,DORTMUND,4021,120,4021,1986,9.42,3.52,14.28,1.26,8.83,17.37,10.61,2.17,-5.1,4.77,6.8,14.86,16.86,18.21,17.03,11.69,11.8,8.31,4.47
Dortmund,DORTMUND,4021,120,4021,1987,8.96,4.05,14.48,0.78,7.88,16.43,10.88,-3.93,1.92,1.66,11.33,10.75,15.03,17.74,16.47,15.51,11.07,6.04,3.64
Dortmund,DORTMUND,4021,120,4021,1988,10.49,5.91,14.83,4.59,9.67,16.76,10.16,6.24,3.84,4.51,9.12,15.35,15.36,17.28,17.6,14.04,10.81,5.6,5.81
Dortmund,DORTMUND,4021,120,4021,1989,11.11,6.89,15.24,5.27,10.56,17.74,10.95,4.84,5.15,8.91,7.41,15.24,16.13,18.77,18.26,15.42,12.45,4.93,5.15
Dortmund,DORTMUND,4021,120,4021,1990,11.01,7.4,14.83,6.08,10.59,17.7,10.25,5.23,8.06,8.57,8.37,14.75,15.86,17.63,19.55,12.57,12.35,5.77,3.07
Dortmund,DORTMUND,4021,120,4021,1991,9.81,5.46,14.6,1.8,9.51,17.49,10.22,2.88,-0.8,8.9,8.54,11.05,13.97,19.88,18.51,15.43,9.53,5.73,3.21
Dortmund,DORTMUND,4021,120,4021,1992,10.74,5.48,16.01,3.54,10.67,18.7,9.87,2.4,5.11,6.91,9.1,15.95,17.3,19.39,19.36,14.74,7.47,7.5,3.53
Dortmund,DORTMUND,4021,120,4021,1993,9.74,4.97,14.97,2.95,10.88,16.61,7.89,4.55,0.55,5.87,11.7,15.11,16.74,17.17,15.94,13.02,8.8,1.83,4.8
Dortmund,DORTMUND,4021,120,4021,1994,11.01,4.98,15.53,3.77,10.03,18.99,10.77,4.86,1.41,7.74,9.09,13.25,16.5,22.08,18.31,13.74,9.22,9.41,5.69
Dortmund,DORTMUND,4021,120,4021,1995,10.45,6.32,15.49,4.92,9.05,18.76,11.14,2.82,6.4,4.48,9.28,13.39,15.41,20.85,19.92,13.86,13.48,6,-0.84
Dortmund,DORTMUND,4021,120,4021,1996,8.57,3.47,14.23,-0.58,8.11,17.28,9.27,-0.63,-0.25,2.87,9.74,11.78,16.83,17.14,17.86,11.9,10.35,5.51,-0.51
Dortmund,DORTMUND,4021,120,4021,1997,10.2,4.69,15.07,1.39,9.65,18.28,9.66,-1.19,6.34,7.8,7.77,13.32,16.57,17.63,20.6,14.3,8.92,5.77,4.3
Dortmund,DORTMUND,4021,120,4021,1998,10.42,6.23,15.05,5.18,10.65,17.04,8.83,4.48,6.91,7.06,9.56,15.28,17.08,16.37,17.68,14.17,9.09,3.21,3.91
Dortmund,DORTMUND,4021,120,4021,1999,11.11,5.28,16.19,3.89,10.85,17.99,11.32,5.1,2.53,7.48,10.24,14.81,16.18,19.85,17.88,18.05,10.39,5.55,4.56
Dortmund,DORTMUND,4021,120,4021,2000,11.3,6.13,15.59,4.7,11.06,17.04,11.96,4.01,5.59,6.63,10.97,15.59,17.55,15.69,17.91,15.74,11.62,8.53,5.62
Dortmund,DORTMUND,4021,120,4021,2001,10.74,6.6,15.32,4.5,9.88,18.3,11.22,3.07,4.85,5.79,8.48,15.33,15.79,19.5,19.52,13.02,14.45,6.09,2.39
Dortmund,DORTMUND,4021,120,4021,2002,11.17,6.99,15.54,4.6,10.52,18.35,10.78,4.47,7.18,7.33,9.58,14.63,18.19,17.91,18.95,13.84,9.93,8.61,3.27
Dortmund,DORTMUND,4021,120,4021,2003,10.54,5.24,16.35,1.9,10.24,20.01,9.75,2.04,0.24,6.98,9.4,14.32,19.46,19.82,20.73,14.16,6.83,8.35,3.49
Dortmund,DORTMUND,4021,120,4021,2004,9.83,5.09,14.73,3.4,9.07,17.2,10.29,2.72,4.04,5.16,9.93,12.15,15.86,16.71,18.98,14.62,11.28,4.93,1.37
Dortmund,DORTMUND,4021,120,4021,2005,10.38,4.89,15.16,2.14,9.99,17.29,11.43,4.12,0.8,6.45,10.13,13.39,17.38,18.64,15.84,15.5,12.63,6.12,2.83
Dortmund,DORTMUND,4021,120,4021,2006,11.36,NA,16.52,NA,8.85,19.23,13.62,-0.29,NA,3.04,9.2,14.33,17.74,23.62,16.28,17.8,14.23,8.81,6.35
Dortmund,DORTMUND,4021,120,4021,2007,11.27,8.4,15.98,6.57,11.86,17.96,9.7,6.68,6.7,7.49,13.17,14.95,18.3,18.33,17.25,13.78,9.47,5.84,2.98
Duisburg,DUISBURG-FRIEMERSHEIM,4030,31,4030,1951,10.82,NA,15.28,NA,8.84,17.71,11.67,4.75,4.89,4.58,8.55,13.38,16.63,18.4,18.06,16.52,9.32,9.24,5.22
Duisburg,DUISBURG-FRIEMERSHEIM,4030,31,4030,1952,10.12,5.94,15.77,3.68,11.26,18.22,8.26,2.81,2.97,5.98,12.87,15,16.77,19.05,18.8,11.93,9.25,3.58,2.1
Duisburg,DUISBURG-FRIEMERSHEIM,4030,31,4030,1953,11.1,4.26,15.78,2.1,10.77,17.78,12.13,1.57,2.69,6.22,10.89,15.2,17.25,18.24,17.85,15.11,12.93,8.32,6.4
Duisburg,DUISBURG-FRIEMERSHEIM,4030,31,4030,1954,10.18,6.05,14.54,2.45,10.07,16.51,11.7,-0.2,1,7.45,8.33,14.38,16.86,15.54,17.14,14.88,12.6,7.59,5.99
Duisburg,DUISBURG-FRIEMERSHEIM,4030,31,4030,1955,9.98,5.33,15.31,2.84,8.22,18.25,10.69,1.37,0.96,3.1,9.94,11.68,16.33,19.28,19.06,15.42,9.93,6.75,5.34
Duisburg,DUISBURG-FRIEMERSHEIM,4030,31,4030,1956,9.24,4.34,14.13,0.87,9.36,15.81,10.6,2.65,-5.82,6.6,7.06,14.33,14.16,17.96,15.24,15.83,10.45,5.53,6.04
Duisburg,DUISBURG-FRIEMERSHEIM,4030,31,4030,1957,11.05,7.04,15.03,5.41,10.54,18.19,10.8,3.77,6.54,9.85,10.04,11.72,18.43,19.34,16.81,13.72,11.79,6.87,3.47
Duisburg,DUISBURG-FRIEMERSHEIM,4030,31,4030,1958,10.59,5.52,15.45,3.73,8.34,17.8,11.7,2.95,4.87,3.13,7.57,14.3,16.4,18.08,18.88,17.31,11.57,6.24,5.4
Duisburg,DUISBURG-FRIEMERSHEIM,4030,31,4030,1959,11.84,6.27,17.17,3.55,11.88,19.7,12.06,2.53,2.64,8.89,11.88,14.85,18.25,21.23,19.57,17.1,12.55,6.52,5.38
Duisburg,DUISBURG-FRIEMERSHEIM,4030,31,4030,1960,10.98,6.58,15.37,4.27,10.95,17.35,11.82,3.04,4.41,7.46,10.41,14.97,18.1,16.67,17.3,14.66,12,8.79,3.76
Duisburg,DUISBURG-FRIEMERSHEIM,4030,31,4030,1961,11.35,7.22,15.88,4.58,10.96,17.28,12.7,2.61,7.66,8.61,12.17,12.15,17.48,16.74,17.64,19.15,13,5.94,2.99
Duisburg,DUISBURG-FRIEMERSHEIM,4030,31,4030,1962,9.32,5.45,14,3.54,7.84,16.35,10.33,4.45,3.12,3,9.56,11.02,15.92,16.07,17.04,14.35,11.58,5.01,0.34
Duisburg,DUISBURG-FRIEMERSHEIM,4030,31,4030,1963,9.5,2.92,15.45,-1.92,10.06,17.77,11.99,-4.52,-1.55,6.32,10.87,13.02,17.44,18.84,17.04,15.42,10.67,9.91,-0.06
Duisburg,DUISBURG-FRIEMERSHEIM,4030,31,4030,1964,10.74,5.06,16.57,1.93,10.36,18.62,10.82,1.25,4.78,3.96,10.62,16.52,18.2,19.54,18.11,16.26,9.09,7.18,3.33
Duisburg,DUISBURG-FRIEMERSHEIM,4030,31,4030,1965,10,5.2,14.57,2.98,9.43,16.76,10.01,3.57,1.96,5.85,8.92,13.52,17.18,16.16,16.95,14.6,11.37,4.01,5.26
Duisburg,DUISBURG-FRIEMERSHEIM,4030,31,4030,1966,10.87,5.69,15.71,4.31,10.51,17.73,10.94,1.05,6.86,5.65,10.69,15.2,18.72,17.09,17.43,15.06,12.72,4.99,4.8
Duisburg,DUISBURG-FRIEMERSHEIM,4030,31,4030,1967,11.33,6.8,15.83,5.07,10.31,18.62,11.73,4.51,5.99,7.63,8.68,14.57,16.48,20.84,18.46,15.74,13.23,6.15,3.24
Duisburg,DUISBURG-FRIEMERSHEIM,4030,31,4030,1968,10.64,5.91,15.74,2.89,10.61,18.03,11.65,2.57,2.87,7.24,11.86,12.77,17.46,18.38,18.22,15.68,13.1,6.1,1.25
Duisburg,DUISBURG-FRIEMERSHEIM,4030,31,4030,1969,10.68,5.11,16.18,2.47,9.45,18.79,12.47,5.08,0.94,3.84,9.61,14.91,16.94,20.55,18.81,16.05,13.85,7.46,-0.61
Duisburg,DUISBURG-FRIEMERSHEIM,4030,31,4030,1970,10.57,4.86,15.76,1.19,8.74,18.76,12.16,2.28,1.96,4.03,7.38,14.76,19.51,17.74,19.05,15.94,11.61,8.95,3.1
Duisburg,DUISBURG-FRIEMERSHEIM,4030,31,4030,1971,11.03,5.93,16.07,3.76,10.15,18.31,10.64,3.65,4.61,3.64,10.45,16.37,15.94,19.86,19.05,14.52,11.54,5.83,6.36
Duisburg,DUISBURG-FRIEMERSHEIM,4030,31,4030,1972,10.43,6.56,14.67,4.5,10.32,17.44,9.94,1.54,5.67,8.34,9.07,13.52,15.78,19.18,17.32,12.98,10.26,6.56,4.75
Duisburg,DUISBURG-FRIEMERSHEIM,4030,31,4030,1973,10.95,5.98,16.14,4.02,9.56,19.43,10.99,3.56,3.73,6.84,7.47,14.3,18.71,19.1,20.44,16.61,10.15,6.23,3.7
Duisburg,DUISBURG-FRIEMERSHEIM,4030,31,4030,1974,11.33,6.71,15.39,5.36,10.73,17.64,10.07,6.58,5.84,7.65,11.03,13.51,16.81,17.15,18.94,14.78,7.93,7.59,7.85
Duisburg,DUISBURG-FRIEMERSHEIM,4030,31,4030,1975,11.46,7.02,16.48,6.89,9.4,19.74,11.12,7.57,5.08,5.93,9.11,13.16,16.72,20.41,21.98,17.31,9.81,6.28,3.67
Duisburg,DUISBURG-FRIEMERSHEIM,4030,31,4030,1976,11.41,5.55,16.94,4.18,9.89,20.38,11.67,4.5,4.39,4.61,9.43,15.62,20.29,21.63,19.21,15.26,12.36,7.36,1.99
Duisburg,DUISBURG-FRIEMERSHEIM,4030,31,4030,1977,11.06,6.74,14.67,3.95,10.01,17.42,11.52,3.78,6.29,8.61,7.84,13.5,16.4,18.16,17.66,14.28,12.94,7.28,5.57
Duisburg,DUISBURG-FRIEMERSHEIM,4030,31,4030,1978,10.31,6.54,14.76,3.82,10.14,16.95,11.03,3.7,1.99,7.34,9.14,13.91,16.54,17.3,16.99,14.54,11.89,6.62,3.11
Duisburg,DUISBURG-FRIEMERSHEIM,4030,31,4030,1979,10.02,4.34,15.14,0.47,9.65,17.46,11.25,-1.93,0.2,5.84,9.12,13.97,17.63,17.74,17,15.29,12.14,6.3,6.28
Duisburg,DUISBURG-FRIEMERSHEIM,4030,31,4030,1980,10.34,6.36,15.33,4.48,9.68,17.44,10.61,1.13,6.14,6.15,9.06,13.81,16.36,17.12,18.82,16.72,9.86,5.27,3.61
Duisburg,DUISBURG-FRIEMERSHEIM,4030,31,4030,1981,10.73,5.44,16.05,2.4,12.05,17.83,11.23,1.89,1.63,9.99,10.65,15.45,16.51,18.29,18.65,16.58,9.92,7.24,1.36
Duisburg,DUISBURG-FRIEMERSHEIM,4030,31,4030,1982,11.89,5.44,17,2.7,10.64,19.56,13.38,2.35,4.56,7.15,9.44,15.3,18.44,21.28,18.94,18.45,12.47,9.25,4.62
Duisburg,DUISBURG-FRIEMERSHEIM,4030,31,4030,1983,11.82,7.07,16.97,4.47,10.15,20.89,11.49,6.78,1.74,7.09,10.69,12.67,18.91,23.03,20.67,15.69,11.69,7.07,4.97
Duisburg,DUISBURG-FRIEMERSHEIM,4030,31,4030,1984,11.08,6.25,15.25,4.32,9.46,17.97,12.34,4.37,3.56,5.68,10.2,12.53,15.67,17.92,20.25,14.74,12.78,9.48,5.47
Duisburg,DUISBURG-FRIEMERSHEIM,4030,31,4030,1985,10.09,5.35,15.82,1.32,10.72,17.5,10.24,-2.3,0.73,5.62,10.62,15.91,15.27,19.45,17.72,15.76,11.62,3.28,6.7
Duisburg,DUISBURG-FRIEMERSHEIM,4030,31,4030,1986,10.68,4.8,15.61,2.51,10.03,18.82,11.69,3.22,-2.91,6.08,7.85,16.08,18.79,19.43,18.24,13.03,12.96,9.02,5.21
Duisburg,DUISBURG-FRIEMERSHEIM,4030,31,4030,1987,10.21,5.26,15.6,1.98,9.37,17.41,11.97,-2.61,3.49,3.46,13.01,11.77,15.59,18.84,17.73,16.64,12.25,7.01,5.05
Duisburg,DUISBURG-FRIEMERSHEIM,4030,31,4030,1988,11.78,7,16.27,5.66,11.32,17.99,11.49,6.9,4.98,5.68,11.24,17.05,16.78,18.1,19.04,15.25,12.27,6.93,6.84
Duisburg,DUISBURG-FRIEMERSHEIM,4030,31,4030,1989,12.53,7.96,17.09,6.13,12.17,19.55,12.41,5.54,5.99,9.97,8.82,17.61,18.19,20.62,19.78,17.31,13.45,6.44,6.01
Duisburg,DUISBURG-FRIEMERSHEIM,4030,31,4030,1990,12.2,8.36,16.2,6.82,12.09,18.94,11.45,5.99,8.65,9.61,10.09,16.51,16.84,18.96,20.94,13.6,13.63,7.04,4.15
Duisburg,DUISBURG-FRIEMERSHEIM,4030,31,4030,1991,11.27,6.82,16.09,3.18,10.91,18.96,11.82,4.28,0.87,10.39,10.18,12.14,14.69,21.48,20.57,17.27,11.55,6.65,4.26
Duisburg,DUISBURG-FRIEMERSHEIM,4030,31,4030,1992,11.99,6.65,17.52,4.52,12.12,20.16,11,3.33,6.06,7.98,10.32,18.01,19.1,21.04,20.3,16.12,8.7,8.27,4.48
Duisburg,DUISBURG-FRIEMERSHEIM,4030,31,4030,1993,11.07,6.15,16.34,4.19,12.26,17.95,9.36,5.69,2.22,7.19,13.01,16.59,18.59,18.13,17.15,14.45,10.13,3.49,5.53
Duisburg,DUISBURG-FRIEMERSHEIM,4030,31,4030,1994,11.82,5.79,16.49,4.35,10.45,20.24,11.86,4.99,2.32,7.89,9.05,14.36,17.38,23.85,19.41,14.59,10.47,10.57,6.21
Duisburg,DUISBURG-FRIEMERSHEIM,4030,31,4030,1995,11.59,7.25,16.8,5.55,10.36,20.23,11.91,3.65,6.93,5.75,10.55,14.78,16.42,22.7,21.44,14.66,14.09,6.91,0.84
Duisburg,DUISBURG-FRIEMERSHEIM,4030,31,4030,1996,9.61,4.77,15.15,1.07,9.24,18.07,10.05,1.13,1.27,4.25,11.1,12.44,17.63,17.87,18.68,13.06,11.16,5.88,0.65
Duisburg,DUISBURG-FRIEMERSHEIM,4030,31,4030,1997,11.21,5.43,16.21,2.15,10.65,19.52,10.8,-0.53,6.76,8.79,8.88,14.22,17.47,18.9,22.11,15.45,10.16,6.81,5.21
Duisburg,DUISBURG-FRIEMERSHEIM,4030,31,4030,1998,11.11,7.02,15.8,5.66,11.54,17.53,9.87,5.03,6.85,8.02,10.02,16.55,17.11,17.36,18.1,15.5,10.07,4.02,4.38
Duisburg,DUISBURG-FRIEMERSHEIM,4030,31,4030,1999,11.95,5.98,17.3,4.43,11.79,19.13,12.2,5.54,3.27,8.26,11.13,15.97,17.27,21.41,18.66,19.2,11.09,6.36,4.56
Duisburg,DUISBURG-FRIEMERSHEIM,4030,31,4030,2000,11.92,6.59,16.52,4.9,11.95,17.94,12.36,4.34,5.87,7.26,11.97,16.62,18.29,16.26,19.29,16.62,11.93,8.55,5.85
Duisburg,DUISBURG-FRIEMERSHEIM,4030,31,4030,2001,11.38,6.94,16.14,4.89,10.62,19.23,11.61,3.59,5.29,6.32,9,16.49,16.7,20.51,20.38,13.46,14.87,6.4,2.99
Duisburg,DUISBURG-FRIEMERSHEIM,4030,31,4030,2002,11.83,7.38,16.48,4.92,11.2,19.27,11.49,4.53,7.48,8,10.52,15.07,19.04,19,19.77,15.32,10.27,8.93,3.87
Duisburg,DUISBURG-FRIEMERSHEIM,4030,31,4030,2003,11.82,6.21,17.63,3,11.8,21.11,10.96,2.38,2.71,8.83,11.38,15.17,20.75,20.79,21.78,15.74,8.11,9.13,4.52
Duisburg,DUISBURG-FRIEMERSHEIM,4030,31,4030,2004,11.17,6.19,16.2,4.37,10.75,18.5,11.57,3.61,5.03,6.78,11.9,13.62,17.04,18.13,20.28,16.15,12.28,6.25,2.83
Duisburg,DUISBURG-FRIEMERSHEIM,4030,31,4030,2005,11.59,6.07,16.53,3.37,11.36,18.53,12.57,5.01,2.15,7.5,11.87,14.74,18.92,19.57,17.1,16.95,14.12,6.59,3.89
Duisburg,DUISBURG-FRIEMERSHEIM,4030,31,4030,2006,12.13,5.54,17.63,2.65,9.99,20.23,14.53,1.45,2.6,4.33,9.88,15.75,19.09,24.68,16.88,19.37,14.66,9.57,6.65
Duisburg,DUISBURG-FRIEMERSHEIM,4030,31,4030,2007,11.81,8.88,16.54,6.79,13.24,17.96,10.15,6.95,6.75,8.51,15.12,16.15,18.29,18.09,17.51,14.03,10.12,6.31,3.65
Duisburg,DUISBURG-FRIEMERSHEIM,4030,31,4030,2008,10.85,6.28,15.52,5.03,10.48,17.98,10.28,6.18,5.27,6.11,9.1,16.19,17.21,18.45,18.27,13.69,10.4,6.75,2.35
Duisburg,DUISBURG-FRIEMERSHEIM,4030,31,4030,2009,10.89,4.81,16.39,1.77,11.36,18.21,11.94,-0.24,3.35,6.15,13.2,14.79,16.25,19.01,19.32,15.65,10.4,9.84,2.56
Duisburg,DUISBURG-FRIEMERSHEIM,4030,31,4030,2010,9.61,5.15,15.35,1.36,9.25,18.95,10.05,-0.62,2.23,6.37,10.26,11.14,17.65,21.65,17.52,13.76,10.16,6.24,-1.41
Duisburg,DUISBURG-FRIEMERSHEIM,4030,31,4030,2011,11.46,4.92,16.25,2.01,11.86,17.32,12.01,3.13,4.55,6.85,13.38,15.41,17.19,16.62,18.14,16.7,11.6,7.75,5.78
Duisburg,DUISBURG-FRIEMERSHEIM,4030,31,4030,2012,10.76,6.52,15.42,3.57,11.12,17.88,10.76,4.43,0.29,8.94,9.12,15.22,15.79,18.06,19.72,14.39,10.76,7.12,4.75
Duisburg,DUISBURG-FRIEMERSHEIM,4030,31,4030,2013,10.29,4.82,15.39,2.78,8.04,18.62,11.17,2.16,1.3,2.59,9.32,12.24,16.33,20.3,19.16,14.8,12.51,6.17,5.87
Duisburg,DUISBURG-FRIEMERSHEIM,4030,31,4030,2014,11.97,7.66,15.89,6.1,11.52,17.83,12.78,5.71,6.79,8.79,12.52,13.28,16.7,20.11,16.63,16.03,13.65,8.63,4.54
Duisburg,DUISBURG-FRIEMERSHEIM,4030,31,4030,2015,11.39,6.71,15.61,3.78,9.82,18.89,11.23,3.68,3.06,6.41,9.7,13.34,16.86,19.82,19.92,13.83,10,9.91,9.49
Duisburg,DUISBURG-FRIEMERSHEIM,4030,31,4030,2016,11.18,7.35,16.48,6.31,9.92,18.64,11.48,4.74,4.59,5.28,9.34,15.12,17.51,19.51,18.86,18.38,10.03,6.09,4.49
Duisburg,DUISBURG-FRIEMERSHEIM,4030,31,4030,2017,11.47,6.12,16.09,3.61,11.37,19.13,11.53,0.71,5.83,9.51,8.49,16.02,19.54,19.43,18.44,14.41,13.23,6.9,4.65
Duisburg,DUISBURG-FRIEMERSHEIM,4030,31,4030,2018,12.2,6.11,18.06,3.69,12.01,20.53,11.93,5.88,0.21,5.24,13.67,17.19,18.49,22.5,20.55,15.78,12.73,7.25,6.01
Duisburg,DUISBURG-FRIEMERSHEIM,4030,31,4030,2019,11.87,7.32,16.61,5.14,10.52,20.25,11.44,2.75,6.82,8.3,11.38,11.91,20.46,20.2,20.11,15.5,12.4,6.37,5.91
Duisburg,DUISBURG-FRIEMERSHEIM,4030,31,4030,2020,12.26,7.48,16.78,6.19,11.08,19.6,12.2,5.67,7.05,7.41,12.18,13.68,18.61,18.32,21.82,15.97,11.9,8.73,5.64
Duisburg,DUISBURG-FRIEMERSHEIM,4030,31,4030,2021,10.81,6.83,15.25,4.44,8.63,18.68,11.43,3.01,4.71,6.87,7.06,11.91,19.89,18.84,17.35,16.4,11.54,6.34,5.45
Duisburg,DUISBURG-FRIEMERSHEIM,4030,31,4030,2022,12.36,7.09,16.94,5.51,11.13,20.2,12.94,4.62,6.56,7.95,9.87,15.52,18.56,20.06,21.91,15.47,14.11,9.21,4.03
Duisburg,DUISBURG-FRIEMERSHEIM,4030,31,4030,2023,12.35,7.69,16.83,5.07,10.32,19.53,13.43,5.4,5.85,7.4,9.15,14.37,20.67,19.38,18.57,18.77,13.82,7.68,6.68
Duisburg,DUISBURG-FRIEMERSHEIM,4030,31,4030,2024,12.27,8.3,16.8,6.21,12.24,18.99,12.13,3.64,8.45,9.52,11.29,15.87,16.97,19.29,20.65,16.57,12.65,7.14,5.02
Duisburg,DUISBURG-FRIEMERSHEIM,4030,31,4030,2025,11.93,6.78,16.93,4.22,11.54,19.63,11.92,3.39,4.26,7.98,12.01,14.65,19.65,19.75,19.5,15.93,11.92,7.91,5.7
Essen,ESSEN-BREDENEY,4074,150,4074,1935,9.67,NA,14.43,NA,8.08,17.61,10.35,1.53,3.55,4.97,8.12,11.15,17.06,18.09,17.65,14.41,9.36,7.33,2.47
Essen,ESSEN-BREDENEY,4074,150,4074,1936,9.5,5.58,13.97,3.18,8.71,16.81,8.99,4.89,2.13,7.16,5.88,12.99,16.93,16.39,17.13,14.36,7.76,4.89,3.17
Essen,ESSEN-BREDENEY,4074,150,4074,1937,NA,NA,NA,NA,NA,NA,NA,NA,NA,NA,NA,NA,NA,NA,NA,NA,NA,NA,NA
Essen,ESSEN-BREDENEY,4074,150,4074,1938,9.87,NA,14.01,NA,8.68,17.03,11.31,3.69,2.97,8.54,6.11,11.31,16.26,16.72,18.1,15.42,9.67,8.9,0.34
Essen,ESSEN-BREDENEY,4074,150,4074,1939,9.79,5.23,14.85,2.91,8.58,17.53,9.92,4.56,3.94,3.94,9.61,12.24,17.12,17.16,18.3,14.59,7.65,7.59,0.57
Essen,ESSEN-BREDENEY,4074,150,4074,1940,8.25,2.44,14.12,-1.93,9.3,16.28,9.65,-5.75,-0.53,5.1,9.19,13.6,17.33,16.2,15.33,12.99,9.18,6.79,-0.55
Essen,ESSEN-BREDENEY,4074,150,4074,1941,8.81,3.34,13.9,-0.49,7.44,17.31,9.4,-2.44,1.75,5.29,7.04,9.98,17.42,19.46,15.05,14.34,9.45,4.43,3.54
Essen,ESSEN-BREDENEY,4074,150,4074,1942,8.68,2.04,14.62,-2.06,8.71,16.67,10.9,-5.55,-4.39,4.2,9.39,12.55,15.34,16.12,18.5,15.69,12.26,4.69,4.43
Essen,ESSEN-BREDENEY,4074,150,4074,1943,10.09,5.96,14.92,3.75,10.68,16.83,10.05,2.87,3.95,7.31,10.64,14.09,14.38,18.12,17.9,14.19,11.51,4.41,1.26
Essen,ESSEN-BREDENEY,4074,150,4074,1944,9.38,4.2,14.62,2.26,8.32,17.21,9.37,4.86,0.53,2.38,10.25,12.39,14.16,17.09,20.28,13.34,9.35,5.43,2.12
Essen,ESSEN-BREDENEY,4074,150,4074,1945,NA,NA,NA,NA,NA,NA,NA,NA,NA,NA,NA,NA,NA,NA,NA,NA,NA,NA,NA
Essen,ESSEN-BREDENEY,4074,150,4074,1946,NA,NA,NA,NA,NA,NA,NA,NA,NA,NA,NA,NA,NA,NA,NA,NA,NA,NA,NA
Essen,ESSEN-BREDENEY,4074,150,4074,1947,NA,NA,NA,NA,NA,NA,NA,NA,NA,NA,NA,NA,NA,NA,NA,NA,NA,NA,NA
Essen,ESSEN-BREDENEY,4074,150,4074,1948,10.51,NA,14.86,NA,10.84,16.7,10.3,5.43,2.51,8.17,10.42,13.9,16.12,16.98,16.97,14.69,9.89,6.33,4.38
Essen,ESSEN-BREDENEY,4074,150,4074,1949,10.52,5.46,15.39,4.09,9.29,16.81,11.91,3.76,4.12,4.17,11.37,12.38,14.77,18.03,17.57,18.14,12.13,5.43,4.01
Essen,ESSEN-BREDENEY,4074,150,4074,1950,9.79,5.9,14.95,3.64,9.38,18.27,9.48,1.49,5.63,6.67,7.6,13.81,18.35,18.14,18.32,13.31,9.34,5.81,-1.19
Essen,ESSEN-BREDENEY,4074,150,4074,1951,10.01,4.28,14.36,2.19,8.02,16.72,11,3.89,4.06,3.78,7.72,12.56,15.58,17.42,17.11,15.66,9,8.41,4.62
Essen,ESSEN-BREDENEY,4074,150,4074,1952,9.13,5.16,14.76,2.75,10.31,17.23,7.3,1.79,1.78,5.23,11.94,13.82,15.71,18.12,17.81,11,8.12,2.75,1.14
Essen,ESSEN-BREDENEY,4074,150,4074,1953,10.18,3.36,14.76,1.12,9.93,16.64,11.32,0.6,1.68,5.71,9.9,14.18,16.19,16.83,16.89,14.44,12.15,7.35,5.67
Essen,ESSEN-BREDENEY,4074,150,4074,1954,9.18,5.16,13.5,1.58,9.11,15.39,10.77,-1.23,0.15,6.47,7.39,13.41,15.62,14.41,16.15,13.88,11.66,6.75,4.88
Essen,ESSEN-BREDENEY,4074,150,4074,1955,9.01,4.35,14.3,1.83,7.15,17.22,9.85,0.55,-0.11,2.03,8.88,10.6,15.36,18.26,17.97,14.58,8.94,6.05,4.37
Essen,ESSEN-BREDENEY,4074,150,4074,1956,8.21,3.41,13.07,-0.13,8.44,14.58,9.65,1.71,-6.91,5.73,6.13,13.38,12.84,16.72,14.15,15.06,9.39,4.5,5.04
Essen,ESSEN-BREDENEY,4074,150,4074,1957,10,6.04,13.97,4.42,9.55,17.11,9.69,2.78,5.55,8.87,9.17,10.59,17.38,18.14,15.81,12.64,10.58,5.81,2.44
Essen,ESSEN-BREDENEY,4074,150,4074,1958,9.48,4.43,14.32,2.71,7.21,16.6,10.64,1.95,3.85,1.93,6.49,13.19,15.18,16.86,17.71,16.34,10.39,5.2,4.33
Essen,ESSEN-BREDENEY,4074,150,4074,1959,10.83,5.25,16.05,2.59,10.84,18.43,11.22,1.55,1.82,7.88,10.68,13.96,16.87,20.1,18.28,16.3,11.75,5.57,4.47
Essen,ESSEN-BREDENEY,4074,150,4074,1960,9.83,5.64,14.13,3.3,9.91,15.95,10.72,2.04,3.38,6.49,9.18,14.05,16.61,15.25,16,13.57,10.91,7.67,2.61
Essen,ESSEN-BREDENEY,4074,150,4074,1961,10.25,6.17,14.64,3.59,9.84,15.94,11.69,1.61,6.85,7.5,11.11,10.95,16.18,15.31,16.33,17.99,11.97,5.12,2.04
Essen,ESSEN-BREDENEY,4074,150,4074,1962,8.23,4.43,12.84,2.46,6.82,15.07,9.26,3.34,1.96,1.92,8.7,9.89,14.63,15,15.57,13.2,10.47,4.09,-0.35
Essen,ESSEN-BREDENEY,4074,150,4074,1963,8.32,1.92,14.16,-2.89,8.93,16.37,10.88,-5.76,-2.51,5.2,9.75,11.86,15.89,17.48,15.71,14.19,9.48,9.03,-1.04
Essen,ESSEN-BREDENEY,4074,150,4074,1964,9.58,4.06,15.27,0.98,9.1,17.24,9.79,0.35,3.82,2.85,9.5,14.95,16.53,18.23,16.94,15.3,8.08,6.03,2.34
Essen,ESSEN-BREDENEY,4074,150,4074,1965,8.87,4.08,13.35,1.85,8.22,15.48,9.17,2.47,0.62,4.67,7.67,12.29,16.05,14.77,15.64,13.57,10.82,3.07,4.16
Essen,ESSEN-BREDENEY,4074,150,4074,1966,9.8,4.77,14.57,3.34,9.41,16.4,10.12,0.11,6,4.49,9.65,14.08,17.33,15.66,16.23,14.39,11.86,4.05,3.6
Essen,ESSEN-BREDENEY,4074,150,4074,1967,10.1,5.7,14.54,3.87,9.06,17.28,10.62,3.3,4.81,6.45,7.53,13.15,15.21,19.45,17.1,14.57,11.99,5.27,1.92
Essen,ESSEN-BREDENEY,4074,150,4074,1968,9.42,4.73,14.42,1.66,9.35,16.6,10.55,1.43,1.64,5.98,10.72,11.38,15.82,16.93,17.03,14.54,11.97,5.08,0.23
Essen,ESSEN-BREDENEY,4074,150,4074,1969,9.46,4.02,14.8,1.4,8.19,17.27,11.51,4.08,-0.28,2.65,8.46,13.47,15.32,19.06,17.35,14.98,13.23,6.26,-1.71
Essen,ESSEN-BREDENEY,4074,150,4074,1970,9.32,3.81,14.39,0.12,7.35,17.34,11.09,1.35,0.78,2.74,5.93,13.33,18.01,16.21,17.82,14.92,10.36,8,1.88
Essen,ESSEN-BREDENEY,4074,150,4074,1971,9.96,4.84,14.91,2.69,9.04,16.95,9.82,3.02,3.23,2.48,9.47,15.18,14.46,18.58,17.72,13.79,10.9,4.73,5.41
Essen,ESSEN-BREDENEY,4074,150,4074,1972,9.25,5.63,13.27,3.52,9.01,16.03,8.8,0.54,4.68,7.44,7.66,11.88,14.2,17.9,15.95,11.81,9.25,5.33,4.15
Essen,ESSEN-BREDENEY,4074,150,4074,1973,9.68,4.89,14.79,2.99,8.24,18,9.92,2.43,2.34,5.63,6.04,12.97,17.34,17.59,19.05,15.57,9.14,5.08,2.48
Essen,ESSEN-BREDENEY,4074,150,4074,1974,9.98,5.54,13.95,4.13,9.47,16.09,8.75,5.36,4.59,6.47,9.99,11.97,15.11,15.5,17.62,13.42,6.5,6.42,6.45
Essen,ESSEN-BREDENEY,4074,150,4074,1975,10.18,5.76,15.09,5.68,8.07,18.25,9.99,6.26,4.18,4.62,7.82,11.77,15.19,18.88,20.57,16.1,8.75,5.17,2.39
Essen,ESSEN-BREDENEY,4074,150,4074,1976,10.18,4.35,15.65,2.96,8.5,19.11,10.57,3.3,3.2,3.22,8.19,14.08,18.9,20.38,18.03,14.16,11.3,6.24,0.93
Essen,ESSEN-BREDENEY,4074,150,4074,1977,9.9,5.58,13.41,2.78,8.64,16.23,10.47,2.55,5.08,7.37,6.4,12.06,15.07,17.08,16.5,13.13,12.2,6.02,4.91
Essen,ESSEN-BREDENEY,4074,150,4074,1978,9.09,5.48,13.38,2.77,8.91,15.51,9.92,2.48,0.73,6.11,7.83,12.76,15.17,15.85,15.51,13.04,11.03,5.66,2.25
Essen,ESSEN-BREDENEY,4074,150,4074,1979,8.82,3.35,13.79,-0.48,8.34,16.05,10.22,-3.05,-0.67,4.56,7.78,12.65,16.24,16.2,15.71,14.07,11.31,5.24,5.17
Essen,ESSEN-BREDENEY,4074,150,4074,1980,9.18,5.3,14.05,3.42,8.4,16.08,9.61,0.16,5.02,4.88,7.97,12.32,14.93,15.74,17.55,15.7,9.02,4.15,2.7
Essen,ESSEN-BREDENEY,4074,150,4074,1981,9.38,4.5,14.5,1.69,10.42,16.35,9.82,1.13,1.18,8.47,9.06,13.68,15.09,16.86,17.06,15.12,8.48,5.9,-0.05
Essen,ESSEN-BREDENEY,4074,150,4074,1982,10.48,4.14,15.43,1.54,9.11,17.9,12.07,1.69,3.13,5.66,8.11,13.52,16.65,19.54,17.48,17.13,11.1,8,3.28
Essen,ESSEN-BREDENEY,4074,150,4074,1983,10.4,5.63,15.49,3,8.69,19.3,10.31,5.48,-0.06,5.53,9.39,11.17,17.15,21.41,19.29,14.33,10.44,6.15,3.7
Essen,ESSEN-BREDENEY,4074,150,4074,1984,9.51,4.9,13.52,2.86,7.76,16.21,11.07,2.8,2.03,4.11,8.41,10.78,13.95,16.27,18.35,13.19,11.55,8.47,3.97
Essen,ESSEN-BREDENEY,4074,150,4074,1985,8.59,4.07,14.14,-0.02,9.02,15.8,8.85,-3.46,-0.62,4.2,8.83,14.04,13.54,17.66,16.12,14.46,10.15,1.9,5.47
Essen,ESSEN-BREDENEY,4074,150,4074,1986,9.19,3.37,13.98,1.09,8.51,17.01,10.46,1.81,-4.56,4.66,6.32,14.49,16.77,17.79,16.47,11.81,11.78,7.76,4.03
Essen,ESSEN-BREDENEY,4074,150,4074,1987,8.78,3.92,14.08,0.64,7.82,15.81,10.76,-3.96,1.99,1.88,11.42,10.28,14.13,17.05,16.19,15.36,11.17,5.74,3.85
Essen,ESSEN-BREDENEY,4074,150,4074,1988,10.23,5.74,14.49,4.41,9.61,16.2,10.07,5.75,3.56,4.25,9.31,15.25,15.13,16.28,17.16,13.66,10.95,5.56,5.59
Essen,ESSEN-BREDENEY,4074,150,4074,1989,11.02,6.67,15.15,4.94,10.42,17.48,11.21,4.46,4.74,8.49,7.12,15.55,16.16,18.44,17.8,15.64,12.13,5.85,5.28
Essen,ESSEN-BREDENEY,4074,150,4074,1990,10.78,7.26,14.67,5.71,10.57,17.36,10.19,4.58,7.44,8.24,8.51,14.91,15.16,17.35,19.49,12.36,12.37,5.76,2.82
Essen,ESSEN-BREDENEY,4074,150,4074,1991,9.79,5.51,14.44,1.88,9.38,17.14,10.5,3.05,-0.46,8.93,8.65,10.55,13.03,19.62,18.63,15.97,10.07,5.48,3.13
Essen,ESSEN-BREDENEY,4074,150,4074,1992,10.54,5.39,15.79,3.37,10.51,18.35,9.68,2.31,4.74,6.58,8.88,16.03,17.37,19.06,18.58,14.59,7.43,7.1,3.66
Essen,ESSEN-BREDENEY,4074,150,4074,1993,9.84,5.07,14.96,3.19,11.05,16.49,8.19,4.74,0.94,6.22,11.79,15.16,16.88,16.71,15.88,13.24,8.99,2.31,4.45
Essen,ESSEN-BREDENEY,4074,150,4074,1994,10.95,4.98,15.44,3.66,9.72,19.09,10.9,4.44,1.94,7.39,8.72,13.02,16.19,22.69,18.29,13.5,9.53,9.71,5.3
Essen,ESSEN-BREDENEY,4074,150,4074,1995,10.52,6.25,15.6,4.53,9.25,18.94,11.09,2.57,5.86,4.61,9.38,13.75,15.08,21.34,20.28,13.5,13.47,6.21,-0.24
Essen,ESSEN-BREDENEY,4074,150,4074,1996,8.56,3.79,14.01,-0.09,8.17,16.79,9.34,-0.02,-0.02,3.16,10.22,11.19,16.27,16.5,17.58,12.19,10.69,5.1,-0.38
Essen,ESSEN-BREDENEY,4074,150,4074,1997,10.32,4.72,15.17,1.38,9.74,18.32,10.08,-0.95,5.91,8.04,8.05,13.07,16.16,17.66,21.05,14.8,9.34,6.14,4.28
Essen,ESSEN-BREDENEY,4074,150,4074,1998,10.16,6.22,14.7,4.89,10.47,16.4,8.96,4.15,6.4,7.05,9.02,15.3,15.95,16.11,17.12,14.52,9.09,3.28,3.6
Essen,ESSEN-BREDENEY,4074,150,4074,1999,10.96,5.14,16.17,3.63,10.75,17.96,11.31,4.83,2.32,7.41,10.18,14.64,15.93,20.07,17.83,18.22,10.25,5.49,3.76
Essen,ESSEN-BREDENEY,4074,150,4074,2000,10.97,5.77,15.41,4.13,10.94,16.79,11.5,3.48,5.21,6.39,11.08,15.35,17.09,15.18,18.1,15.59,11.15,7.76,5.15
Essen,ESSEN-BREDENEY,4074,150,4074,2001,10.23,6.11,14.72,4.13,9.32,17.66,10.79,2.91,4.35,5.21,7.93,14.78,14.86,18.73,19.31,12.38,14.34,5.52,1.91
Essen,ESSEN-BREDENEY,4074,150,4074,2002,10.7,6.52,15.03,3.96,9.94,17.74,10.69,3.75,6.47,7.09,9.14,13.58,17.03,17.47,18.68,14.1,9.49,8.51,2.93
Essen,ESSEN-BREDENEY,4074,150,4074,2003,10.72,5.39,16.34,2.02,10.59,19.61,10.18,1.43,1.67,8.04,9.92,13.78,19,19.21,20.6,15.36,7.06,8.23,3.81
Essen,ESSEN-BREDENEY,4074,150,4074,2004,9.91,5.08,14.78,3.16,9.36,17.01,10.65,2.24,3.46,5.66,10.55,11.92,15.34,16.65,18.98,15.16,11.41,5.34,1.99
Essen,ESSEN-BREDENEY,4074,150,4074,2005,10.39,5.05,15.13,2.33,9.96,16.94,11.85,3.87,1,6.29,10.59,13.03,16.85,18.05,15.92,16.32,13.47,5.71,2.92
Essen,ESSEN-BREDENEY,4074,150,4074,2006,10.82,4.53,16.11,1.55,8.57,18.55,13.52,0.46,1.25,3.13,8.52,14.06,17.12,23.01,15.46,18.33,13.66,8.56,5.66
Essen,ESSEN-BREDENEY,4074,150,4074,2007,11.01,7.9,15.56,5.78,11.87,17.24,9.78,5.92,5.74,7.65,13.66,14.35,17.35,17.37,17.02,13.55,9.94,5.84,3.38
Essen,ESSEN-BREDENEY,4074,150,4074,2008,10.44,5.91,15.1,4.77,9.96,17.5,9.9,5.57,5.4,5.3,8.64,15.89,16.77,17.99,17.7,13.4,10.03,6.25,2.1
Essen,ESSEN-BREDENEY,4074,150,4074,2009,10.54,4.53,16.05,1.59,11.11,17.74,11.56,0.06,2.74,5.86,13.21,14.33,15.56,18.28,19.31,15.47,9.97,9.29,2.04
Essen,ESSEN-BREDENEY,4074,150,4074,2010,9.12,4.56,14.94,0.72,8.8,18.45,9.72,-1.25,1.43,5.72,10.18,10.56,17.37,21.02,16.93,13.47,9.89,5.78,-2.08
Essen,ESSEN-BREDENEY,4074,150,4074,2011,11.15,4.53,15.84,1.42,11.8,16.7,12.02,2.66,3.91,7.01,13.6,14.85,16.53,15.96,17.6,16.48,11.47,8.14,5.2
Essen,ESSEN-BREDENEY,4074,150,4074,2012,10.32,6.29,14.92,3.04,10.78,17.31,10.42,3.89,-0.19,8.9,8.55,14.81,14.92,17.47,19.47,14.06,10.47,6.74,4.15
Essen,ESSEN-BREDENEY,4074,150,4074,2013,9.78,4.25,14.95,2.1,7.51,18.2,10.71,1.44,0.55,1.87,8.89,11.8,15.8,19.92,18.82,14.29,12.16,5.62,5.45
Essen,ESSEN-BREDENEY,4074,150,4074,2014,11.68,7.37,15.59,5.68,11.47,17.44,12.57,5.29,6.35,9.21,12.33,12.91,16.33,19.82,16.13,15.95,13.32,8.42,3.77
Essen,ESSEN-BREDENEY,4074,150,4074,2015,10.97,6.29,15.16,3.17,9.56,18.32,10.87,3.12,2.57,6.23,9.73,12.72,16.18,19.19,19.51,13.4,9.69,9.55,9.09
Essen,ESSEN-BREDENEY,4074,150,4074,2016,10.79,6.91,16.07,5.79,9.46,18.16,11.16,4.15,4,4.86,8.75,14.75,16.99,19.07,18.39,18.34,9.64,5.54,4.72
Essen,ESSEN-BREDENEY,4074,150,4074,2017,10.96,5.85,15.53,3.51,10.98,18.5,10.95,0.66,5.3,9.19,8.3,15.35,18.68,18.75,18.08,13.84,12.58,6.39,3.92
Essen,ESSEN-BREDENEY,4074,150,4074,2018,11.87,5.51,17.81,3.08,11.82,20.02,11.84,5.15,-0.14,4.64,13.7,17.19,17.91,22,20.09,15.76,12.74,6.98,5.46
Essen,ESSEN-BREDENEY,4074,150,4074,2019,11.46,7.06,16.14,4.85,10.09,19.8,10.88,2.13,7.17,7.87,11,11.43,19.99,19.7,19.73,14.89,11.7,6.03,5.65
Essen,ESSEN-BREDENEY,4074,150,4074,2020,11.85,6.95,16.46,5.69,10.85,18.95,11.98,5.12,6.34,6.79,12.48,13.34,17.92,17.67,21.23,16.04,11.19,8.73,5.24
Essen,ESSEN-BREDENEY,4074,150,4074,2021,10.45,6.45,14.86,3.94,8.29,18.24,11.26,2.29,4.34,6.76,6.88,11.19,19.57,18.28,16.92,16.28,11.42,6.09,4.98
Essen,ESSEN-BREDENEY,4074,150,4074,2022,12.04,6.84,16.49,4.98,11.06,19.73,12.67,4.06,5.99,8.37,9.52,15.24,18.12,19.43,21.58,14.81,14.13,9.03,3.68
Essen,ESSEN-BREDENEY,4074,150,4074,2023,11.86,7.34,16.41,4.66,9.83,18.92,13.09,4.8,5.58,6.7,8.75,14,20.16,18.6,18.03,18.88,13.34,7.03,6.08
Essen,ESSEN-BREDENEY,4074,150,4074,2024,11.81,7.74,16.37,5.62,11.84,18.56,11.67,3.15,7.76,9.07,10.85,15.56,16.43,18.86,20.31,16.02,12.35,6.62,4.54
Essen,ESSEN-BREDENEY,4074,150,4074,2025,11.6,6.53,16.5,3.76,11.76,18.94,11.45,2.8,3.97,8.65,12.15,14.48,18.85,18.94,19.04,15.42,11.29,7.65,5.5
Arnsberg,ARNSBERG,4172,218,4172,1880,8.68,NA,13.52,NA,8.22,15.72,8.8,-2.53,3.16,4.87,8.72,11.08,14.28,16.82,16.03,14.1,8.12,4.21,5.15
Arnsberg,ARNSBERG,4172,218,4172,1881,7.93,3.11,13.17,0.85,7.22,16.07,8.49,-4.3,1.78,3.59,6.27,11.75,14.69,18.45,15.03,12.64,5.16,7.79,1.97
Arnsberg,ARNSBERG,4172,218,4172,1882,8.89,4.32,13.03,2.15,8.85,15.02,9.22,1.44,3.15,6.39,8.22,11.93,14.14,16.32,14.56,12.89,9.81,4.92,2.45
Arnsberg,ARNSBERG,4172,218,4172,1883,8.43,3.74,13.2,2.83,6.15,15.59,9.21,1.95,4.23,-0.8,6.7,12.58,15.57,15.72,15.48,13.04,8.89,5.71,1.89
Arnsberg,ARNSBERG,4172,218,4172,1884,9.1,5.22,13.44,3.57,8.35,15.72,8.46,4.65,4.2,5.9,6.71,12.38,12.57,17.41,17.06,14.28,8.24,2.86,2.57
Arnsberg,ARNSBERG,4172,218,4172,1885,8.13,3.56,12.87,2.43,7.14,15.29,8.1,-0.43,5.43,2.83,9.36,9.31,15.89,16.22,13.79,12.64,7.96,3.72,0.92
Arnsberg,ARNSBERG,4172,218,4172,1886,8.54,2.26,13.76,-0.13,7.69,15.62,10.53,0.62,-2.12,2.1,8.61,12.4,13.86,16.56,16.39,14.6,10.54,6.45,1.78
Arnsberg,ARNSBERG,4172,218,4172,1887,7.46,3.27,13.11,0.39,6.14,16.5,7.14,-1.6,1.05,1.29,7.14,10.04,15.64,18.62,15.2,11.85,5.59,4.03,0.35
Arnsberg,ARNSBERG,4172,218,4172,1888,7.52,1.61,12.55,-0.64,6.57,15.04,8.16,-0.33,-2.03,1.86,5.95,11.87,15.84,14.48,14.84,12.23,7.1,5.19,2.97
Arnsberg,ARNSBERG,4172,218,4172,1889,8.1,2.5,14.23,0.4,8.52,16.6,7.95,-0.36,-1.59,1.37,7.75,16.41,18.84,15.95,15.08,11.17,9.08,3.56,-0.69
Arnsberg,ARNSBERG,4172,218,4172,1890,7.82,3.42,13.13,0.83,8.38,14.97,8.49,3.94,-0.93,5.15,6.39,13.54,13.76,15,16.1,13.8,7.81,3.89,-5.31
Arnsberg,ARNSBERG,4172,218,4172,1891,8.2,1.3,13.1,-2.48,7.22,15.32,9.69,-3.06,1.28,3.24,5.4,12.96,14.97,15.84,15.15,14.15,11.05,3.83,3.11
Arnsberg,ARNSBERG,4172,218,4172,1892,8.31,3.65,13.75,1.88,7.15,16.19,9.2,0.64,1.89,1.28,7.29,12.88,14.88,15.8,17.86,13.59,8.46,5.58,-0.62
Arnsberg,ARNSBERG,4172,218,4172,1893,8.94,2.99,14.48,-0.6,9.71,16.8,8.64,-4.43,3.66,5.44,10.45,13.27,16.1,17.27,16.99,12.65,10.53,2.67,2.33
Arnsberg,ARNSBERG,4172,218,4172,1894,8.83,3.98,13.45,1.69,9.39,15.6,8.41,0.33,2.48,5.36,11.38,11.49,13.98,17.38,15.38,10.93,8.39,5.9,2.6
Arnsberg,ARNSBERG,4172,218,4172,1895,7.86,1.86,14.25,-1.86,7.75,16.38,9.64,-2.66,-5.91,2.23,9.02,12.05,15.82,16.87,16.43,15.23,7.45,6.32,0.56
Arnsberg,ARNSBERG,4172,218,4172,1896,8.23,3.8,13,0.87,7.93,15.75,7.97,0.72,1.36,6.31,6.69,10.74,16.75,16.38,14.15,13.21,8.96,1.7,1.58
Arnsberg,ARNSBERG,4172,218,4172,1897,8.83,3.25,13.78,0.92,8.17,17.14,8.51,-1.18,2.52,5.81,7.56,11.12,17.27,16.7,17.45,12.48,8.65,4.4,2.78
Arnsberg,ARNSBERG,4172,218,4172,1898,9.25,4.18,13.59,3,7.42,15.96,9.82,4.11,2.01,2.95,8.05,11.27,15.05,14.23,18.58,14.22,9.7,5.56,4.72
Arnsberg,ARNSBERG,4172,218,4172,1899,8.76,4.99,13.43,3.86,7.13,16.43,9.59,3.47,3.35,2.99,7.43,10.97,15.15,17.25,16.86,12.76,7.92,8.15,-1.47
Arnsberg,ARNSBERG,4172,218,4172,1900,9,3.45,13.7,0.97,6.65,16.84,9.36,2.35,2.16,1.66,7.07,11.23,16.13,18.61,15.75,13.25,9.09,5.75,4.46
Arnsberg,ARNSBERG,4172,218,4172,1901,8.31,3.08,14.18,0.2,8.11,16.57,9.07,-1.12,-3.05,2.85,8.81,12.7,15.36,18.03,16.28,13.76,9.71,3.73,1.85
Arnsberg,ARNSBERG,4172,218,4172,1902,7.91,3.92,12.62,1.78,7.32,15.22,7.85,3.7,-0.43,4.56,8.78,8.68,15.63,15.49,14.55,12.53,7.57,3.47,-0.17
Arnsberg,ARNSBERG,4172,218,4172,1903,9.07,4.23,12.98,2.38,8.1,15.52,10.02,2.48,5.11,7,4.57,12.61,14.93,16.04,15.56,13.99,10.81,5.22,0.22
Arnsberg,ARNSBERG,4172,218,4172,1904,8.74,3.6,13.95,0.72,8.51,16.6,7.94,-0.15,2.18,3.3,9.64,12.63,15.17,18.49,16.08,11.47,8.42,3.9,3.54
Arnsberg,ARNSBERG,4172,218,4172,1905,8.58,4.02,13.95,1.95,8.12,17.45,7.23,-0.03,2.4,5.73,6.55,12.04,17.47,18.51,16.38,12.57,5.13,4.07,1.76
Arnsberg,ARNSBERG,4172,218,4172,1906,8.79,3.07,13.48,2.02,7.94,15.92,10.15,2.76,1.5,3.08,7.49,13.25,14.57,16.92,16.23,12.22,11.19,7,-1.27
Arnsberg,ARNSBERG,4172,218,4172,1907,8.5,3.55,12.87,-0.22,7.78,14.74,10.05,1.03,-0.43,3.52,7.11,12.68,14.42,14.04,15.76,13.11,11.86,5.13,3.07
Arnsberg,ARNSBERG,4172,218,4172,1908,8,3.87,13.31,1.21,7.08,16.08,8.27,-1.74,2.36,2.5,5.43,13.25,16.89,16.9,14.49,12.75,8.81,3.24,0.98
Arnsberg,ARNSBERG,4172,218,4172,1909,7.88,2.44,12.77,-0.23,7.47,14.82,8.67,-0.46,-1.33,3.05,8.15,11.23,13.53,14.9,15.98,12.67,10.82,2.44,2.88
Arnsberg,ARNSBERG,4172,218,4172,1910,NA,4.48,13.28,3.13,8.09,15.71,NA,2.58,4.01,4.05,7.6,12.59,15.92,15.48,15.73,12.24,10.2,NA,4.83
Arnsberg,ARNSBERG,4172,218,4172,1911,9.65,NA,14.73,2.4,8.6,17.74,9.65,0.01,2.36,4.82,7.43,13.5,14.99,18.85,19.31,14.04,9,5.93,5.04
Arnsberg,ARNSBERG,4172,218,4172,1912,8.81,5.57,12.76,3.73,8.86,15.9,6.73,1.62,4.6,7.2,7.21,12.13,15.57,18.21,13.91,9.34,7.04,3.8,4.87
Arnsberg,ARNSBERG,4172,218,4172,1913,9.18,4.58,12.81,3.16,9.35,14.38,10.47,1.89,2.69,7.02,8.25,12.76,14.56,14.15,14.45,12.59,10.92,7.89,2.58
Arnsberg,ARNSBERG,4172,218,4172,1914,9.14,5.02,13.67,1.88,8.83,16.22,8.61,-2.08,5.5,5.48,10.32,10.76,14.42,17.12,17.06,12.19,9.13,4.51,5.08
Arnsberg,ARNSBERG,4172,218,4172,1915,8.52,4.28,13.44,3.1,7.64,16.01,7.09,1.5,2.69,2.62,6.78,13.51,17.06,15.85,15.15,12.14,7.22,1.9,5.42
Arnsberg,ARNSBERG,4172,218,4172,1916,9.03,4.49,13.08,4.31,8.9,14.68,9.19,4.9,2.49,4.8,8.23,13.66,12.44,15.36,16.16,12.41,9.54,5.61,2.42
Arnsberg,ARNSBERG,4172,218,4172,1917,7.81,2.38,14.13,-0.7,6.7,17.1,9.19,-2.19,-2.5,1.03,3.99,14.98,18.03,16.94,16.36,14.3,7.23,6.1,-1.21
Arnsberg,ARNSBERG,4172,218,4172,1918,9.21,3.8,13.58,1.54,9.4,14.95,8.61,2.57,3.43,4.7,8.95,14.54,12.63,16.29,15.85,13.02,8.74,4.05,5.3
Arnsberg,ARNSBERG,4172,218,4172,1919,7.87,4.15,12.89,2.79,7.41,14.83,7.31,1.68,1.24,3.61,5.74,12.82,14.82,13.87,15.79,14.17,6.08,1.73,2.38
Arnsberg,ARNSBERG,4172,218,4172,1920,9.27,4.31,13.8,3.49,10.27,15.63,7.73,3.45,4.73,7.44,9.29,14.06,15.22,17.24,14.41,12.47,7.72,3.01,2.01
Arnsberg,ARNSBERG,4172,218,4172,1921,9.43,4.45,14.02,3.24,9.25,16.43,8.61,5.35,2.26,6.13,7.81,13.75,14.23,18.27,16.72,13.13,11.99,0.59,2.16
Arnsberg,ARNSBERG,4172,218,4172,1922,7.78,3.16,12.83,0.86,7.49,15.46,6.62,-0.4,0.83,3.51,5.63,13.26,15.46,15.68,15.23,11.52,4.82,3.59,3.73
Arnsberg,ARNSBERG,4172,218,4172,1923,8.5,4.06,12.69,3.34,8.09,15,8.84,3.07,3.19,5.87,7.4,10.96,10.94,18.39,15.54,12.68,10.61,3.16,-0.36
Arnsberg,ARNSBERG,4172,218,4172,1924,8.08,2.4,13.09,-0.73,7.63,14.93,9.2,-0.5,-1.38,2.65,5.96,14.23,15,15.95,13.82,13.43,10.11,4.02,3.23
Arnsberg,ARNSBERG,4172,218,4172,1925,9.01,4.59,14.07,3.81,8.21,16.77,7.75,3.44,4.87,1.9,8.36,14.38,15.27,18.6,16.4,11.17,9.49,2.54,1.33
Arnsberg,ARNSBERG,4172,218,4172,1926,9.29,4.48,13.68,3.33,8.26,15.74,9.86,2.07,6.94,4.7,9.79,10.34,13.79,17.44,15.94,14.69,7.82,7.15,0.86
Arnsberg,ARNSBERG,4172,218,4172,1927,8.59,4.59,13.2,2.09,8.15,15.65,9,2.88,2.58,6.13,7.39,10.91,13.71,16.82,16.37,13.83,9.2,3.95,-1.13
Arnsberg,ARNSBERG,4172,218,4172,1928,8.86,3.93,12.97,2,7.49,15.96,9.28,3.11,4.17,4.32,7.99,10.18,13.83,18.03,15.95,11.63,9.4,6.81,0.76
Arnsberg,ARNSBERG,4172,218,4172,1929,8.24,2.04,13.75,-2.66,7.34,16.02,10.54,-2.73,-6.38,3.73,5.05,13.18,14.24,16.99,16.78,16.07,9.66,5.92,5.22
Arnsberg,ARNSBERG,4172,218,4172,1930,9.41,5.33,13.98,3.82,8.4,16.67,9.8,5.08,0.89,4.8,8.56,11.85,18.12,16.01,15.94,13.32,9.41,6.69,1.7
Arnsberg,ARNSBERG,4172,218,4172,1931,8.18,3.47,13.3,1.06,7.52,16.08,8.17,1.82,-0.49,1.42,6.4,14.71,15.93,16.67,15.65,10.21,7.9,6.42,0.93
Arnsberg,ARNSBERG,4172,218,4172,1932,8.67,3.25,13.95,1.15,6.99,16.64,9.24,3.19,-0.78,1.69,7.05,12.25,14.26,17.46,18.12,14.39,8.79,4.57,2.64
Arnsberg,ARNSBERG,4172,218,4172,1933,7.93,3.79,13.32,1.11,8.17,15.94,8.37,-0.48,1.17,5.81,7.33,11.34,14.09,17.4,16.26,13.32,8.75,3.03,-3.29
Arnsberg,ARNSBERG,4172,218,4172,1934,9.72,2.78,14.44,0.11,8.95,16.16,10.11,1.72,2.1,4.3,10.23,12.47,15.52,17.38,15.55,15.39,10.4,4.52,6.8
Arnsberg,ARNSBERG,4172,218,4172,1935,8.83,4.98,13.44,3.58,7.19,16.42,9.62,0.83,3.05,4.08,7.5,10.08,16.55,16.89,15.84,13.61,8.38,6.93,1.95
Arnsberg,ARNSBERG,4172,218,4172,1936,8.85,4.95,13.34,2.86,7.88,16.36,8.17,4.89,1.64,5.76,4.96,12.73,16.73,16.4,15.97,12.94,7.04,4.57,2.37
Arnsberg,ARNSBERG,4172,218,4172,1937,9.05,4.05,13.95,3.05,8.7,16.11,8.82,2.84,4.04,3.48,8.41,14.21,15.66,16.61,16.05,12.59,9.88,3.97,0.47
Arnsberg,ARNSBERG,4172,218,4172,1938,8.94,4.51,12.93,1.92,7.53,16.23,10.25,3.36,1.93,7.17,4.88,10.45,15.46,15.72,17.47,13.45,8.77,8.56,-0.4
Arnsberg,ARNSBERG,4172,218,4172,1939,NA,4.45,13.56,2.21,7.3,16.37,NA,4.22,2.86,2.66,8.68,10.59,15.96,16.54,16.6,13,NA,NA,NA
Arnsberg,ARNSBERG,4172,218,4172,1940,NA,NA,NA,NA,NA,NA,9.04,NA,NA,6.41,NA,NA,NA,NA,14.74,12.4,8.08,6.67,-1.26
Arnsberg,ARNSBERG,4172,218,4172,1941,7.91,2.82,12.78,-0.9,6.59,16.41,7.98,-2.7,1.5,4.61,6.06,9.07,16.67,18.46,14.1,12.19,8.17,3.59,2.84
Arnsberg,ARNSBERG,4172,218,4172,1942,NA,1.33,13.38,-2.55,8.13,14.84,NA,-6.43,-4.23,3.59,8.83,12,13.12,14.09,17.25,14.9,11.71,NA,NA
Arnsberg,ARNSBERG,4172,218,4172,1943,9.28,NA,13.97,NA,9.49,16.03,9.27,2.03,3.62,6.06,9.51,12.91,13.69,17.25,17.07,13.23,10.63,3.9,1.02
Arnsberg,ARNSBERG,4172,218,4172,1944,NA,NA,13.72,NA,7.25,16.48,8.73,NA,-0.81,1.41,9.14,11.26,13.61,16.73,18.99,12.42,8.87,4.9,1.68
Arnsberg,ARNSBERG,4172,218,4172,1945,NA,3.95,NA,1.1,NA,NA,NA,-3.46,5.49,6.41,NA,NA,NA,NA,NA,NA,NA,0.73,-1.2
Arnsberg,ARNSBERG,4172,218,4172,1946,NA,NA,NA,NA,NA,15.85,10.01,NA,NA,NA,NA,NA,14.12,17.61,15.77,14.06,8.32,7.7,-2
Arnsberg,ARNSBERG,4172,218,4172,1947,NA,NA,16.22,NA,9.57,18.79,10.37,NA,-4.27,4.12,9.38,15.03,18.52,19.28,18.57,16.4,8.5,6.22,2.85
Arnsberg,ARNSBERG,4172,218,4172,1948,9.74,5.16,14.32,3.28,9.94,16.16,9.37,4.92,1.98,6.41,10.07,13.35,15.88,16.32,16.26,13.95,8.96,5.22,3.25
Arnsberg,ARNSBERG,4172,218,4172,1949,9.67,4.36,14.66,3.13,8.54,15.98,10.7,2.94,3.22,2.49,10.91,12.29,14.12,17.2,16.58,16.78,10.82,4.48,3.78
Arnsberg,ARNSBERG,4172,218,4172,1950,9.13,5.17,14.26,3.25,8.69,17.33,8.92,1.1,5.05,5.74,6.93,13.35,17.55,17.38,17.07,13.1,8.06,5.64,-1.57
Arnsberg,ARNSBERG,4172,218,4172,1951,9.36,3.76,13.65,1.79,7.33,16.21,10.11,3.66,3.44,3.38,6.92,11.67,15.14,16.88,16.57,14.57,7.35,8.49,3.96
Arnsberg,ARNSBERG,4172,218,4172,1952,8.39,4.48,13.81,2.17,9.09,16.62,6.67,1.42,1.05,4.51,10.11,12.68,14.97,17.85,17,10.04,7.63,2.32,0.75
Arnsberg,ARNSBERG,4172,218,4172,1953,9.34,2.78,13.87,0.56,8.97,15.99,10.26,0.14,0.81,4.84,9.11,12.97,15.56,16.52,15.89,13.06,11,6.7,4.84
Arnsberg,ARNSBERG,4172,218,4172,1954,8.42,4.3,12.69,0.77,7.87,14.87,10.13,-2.15,-0.5,5.52,5.93,12.08,15.09,13.88,15.63,13.38,10.85,6.13,4.5
Arnsberg,ARNSBERG,4172,218,4172,1955,8.11,3.73,13.12,1.3,6.26,15.92,8.98,-0.12,-0.68,1.34,7.46,10.01,14.47,16.9,16.33,13.45,8.37,5.13,4.05
Arnsberg,ARNSBERG,4172,218,4172,1956,7.55,2.58,12.61,-0.94,7.59,14.57,8.76,1.29,-8.64,4.65,5.52,12.52,12.87,16.79,13.98,13.8,8.71,3.78,4.45
Arnsberg,ARNSBERG,4172,218,4172,1957,9.32,5.37,13.15,3.91,8.49,16.39,9.25,2.21,5.2,7.81,7.86,9.77,16.55,17.63,14.98,11.97,10.02,5.72,1.91
Arnsberg,ARNSBERG,4172,218,4172,1958,8.78,3.84,13.61,2.29,6.28,15.98,9.84,1.66,3.42,0.33,5.63,12.86,14.32,16.3,17.27,15.09,9.87,4.56,3.69
Arnsberg,ARNSBERG,4172,218,4172,1959,9.56,4.58,14.62,1.97,9.99,17.26,8.77,1.1,1.03,6.88,10.13,12.96,16.13,18.8,16.82,12.73,8.73,4.86,3.91
Arnsberg,ARNSBERG,4172,218,4172,1960,9.2,4.52,13.59,2.57,8.83,15.36,10.68,1.34,2.45,5.71,8.01,12.74,15.84,15.04,15.21,14.6,10.12,7.35,1.84
Arnsberg,ARNSBERG,4172,218,4172,1961,9.37,5.48,13.66,2.93,8.95,14.96,10.7,1.22,6.05,6.44,10.61,9.84,15.05,14.26,15.58,16.64,10.93,4.51,1.29
Arnsberg,ARNSBERG,4172,218,4172,1962,7.54,3.75,12.23,2,6.15,14.48,8.35,3.08,1.58,0.9,8.22,9.39,13.69,14.52,15.2,12.26,9.32,3.44,-1.46
Arnsberg,ARNSBERG,4172,218,4172,1963,7.53,0.85,13.61,-4.08,8.22,15.83,10.18,-6.97,-3.79,4.18,9.12,11.38,15.49,16.68,15.33,13.6,8.69,8.31,-2.25
Arnsberg,ARNSBERG,4172,218,4172,1964,8.73,3.23,14.33,0.12,8.24,16.47,8.66,-0.23,3.02,1.97,8.82,13.94,16.52,17.29,15.6,13.7,7.1,5.23,1.75
Arnsberg,ARNSBERG,4172,218,4172,1965,7.61,3.24,12.04,1.22,7.02,14.17,7.37,2.17,-0.4,3.32,6.69,11.05,14.78,14.04,13.71,11.9,8.07,2.12,3.29
Arnsberg,ARNSBERG,4172,218,4172,1966,8.7,3.61,13.3,2.54,8.4,15.25,8.71,-1.38,6.04,3.69,8.9,12.63,15.92,14.89,14.96,12.42,11.16,2.46,2.61
Arnsberg,ARNSBERG,4172,218,4172,1967,8.94,4.74,13.08,2.96,7.72,15.85,9.56,2.49,3.87,5.7,5.73,11.67,14.09,17.9,15.5,13.42,11.31,3.9,1.25
Arnsberg,ARNSBERG,4172,218,4172,1968,8.23,3.71,13.21,0.73,7.9,15.59,9.43,0.16,0.78,4.67,8.64,10.42,15.31,15.77,15.67,13.4,10.65,4.21,-1.07
Arnsberg,ARNSBERG,4172,218,4172,1969,8.2,3.05,13.48,0.54,7.11,16.13,9.56,3.35,-0.78,1.61,6.9,12.81,14.3,17.99,16.03,12.66,10.39,5.61,-3.07
Arnsberg,ARNSBERG,4172,218,4172,1970,8.11,2.43,13.04,-1.12,6.33,15.87,9.82,0.09,-0.29,1.66,5.39,11.92,16.28,15.28,16.05,13.16,9.27,7.05,0.95
Arnsberg,ARNSBERG,4172,218,4172,1971,8.48,3.67,13.35,1.5,7.46,15.78,7.93,1.29,2.35,1.1,7.41,13.85,13.7,16.85,16.73,11.32,8.43,4.02,4.22
Arnsberg,ARNSBERG,4172,218,4172,1972,7.8,3.99,12.13,2.25,7.44,14.96,7.16,-0.98,3.59,4.65,6.94,10.7,13.47,16.74,14.63,10.08,6.41,5.02,2.16
Arnsberg,ARNSBERG,4172,218,4172,1973,8.29,3.42,13.4,1.69,7.04,16.54,7.98,1.29,1.61,3.88,5.09,12.09,15.89,16.74,16.98,13.46,6.93,3.57,1.41
Arnsberg,ARNSBERG,4172,218,4172,1974,8.82,4.36,12.37,3.26,7.94,14.55,7.86,4.61,3.81,5.72,7.4,10.68,13.4,14.44,15.77,12.42,5.34,5.92,5.95
Arnsberg,ARNSBERG,4172,218,4172,1975,8.87,4.8,13.65,4.63,7.19,16.5,8.5,6.1,1.53,3.66,7.01,10.9,14.12,17.53,17.76,14.41,7.15,4,1.74
Arnsberg,ARNSBERG,4172,218,4172,1976,8.57,3.03,13.66,1.85,6.56,16.98,9.43,2.25,1.56,1.44,5.81,12.42,16.87,19.09,14.98,12.62,10.23,5.42,-0.09
Arnsberg,ARNSBERG,4172,218,4172,1977,8.79,4.6,12.23,1.76,7.56,15.02,9.44,1.68,3.89,6.44,5.2,10.97,14.12,15.74,15.18,11.99,10.76,5.53,3.55
Arnsberg,ARNSBERG,4172,218,4172,1978,7.83,4.46,12.06,1.6,7.72,14.18,8.54,1.58,-0.55,5.43,6.44,11.25,14.09,14.48,13.98,11.97,9.12,4.52,0.99
Arnsberg,ARNSBERG,4172,218,4172,1979,7.7,2.23,12.55,-1.49,7.31,15,8.53,-4.13,-1.33,3.94,6.3,11.65,15.74,14.81,14.47,12.2,9.25,4.09,4.73
Arnsberg,ARNSBERG,4172,218,4172,1980,8.01,4.1,12.66,2.28,7.2,14.94,8.47,-1.32,3.5,4.32,6.18,11.06,14.16,14.64,16.01,13.76,7.91,3.75,2.05
Arnsberg,ARNSBERG,4172,218,4172,1981,8.46,3.68,13.47,0.8,9.59,15.44,8.79,0.36,-0.09,7.75,7.95,13.01,14.64,15.97,15.69,13.42,7.71,5.29,-0.82
Arnsberg,ARNSBERG,4172,218,4172,1982,9.05,2.94,13.82,0.15,7.31,16.58,10.89,-0.38,1.82,4.02,6.04,11.82,15.2,18.27,16.23,15.2,9.88,7.62,2.44
Arnsberg,ARNSBERG,4172,218,4172,1983,9.11,4.77,14.18,2.07,8,17.51,8.87,4.86,-1.44,4.74,8.6,10.67,16.07,19.42,16.98,13.2,9.15,4.25,1.93
Arnsberg,ARNSBERG,4172,218,4172,1984,8.17,3.27,12.23,1.32,6.08,15.03,9.83,1.52,0.43,2.18,5.7,10.35,13.46,15.45,16.14,12.11,10.44,6.92,2.96
Arnsberg,ARNSBERG,4172,218,4172,1985,7.37,2.78,12.86,-1.46,7.93,14.69,7.38,-4.63,-2.84,3.45,7.42,12.91,12.9,16.29,14.83,12.63,8.51,0.97,5.12
Arnsberg,ARNSBERG,4172,218,4172,1986,8.03,2.28,12.78,0.23,7.45,15.8,9.11,1.19,-6.26,3.25,5.52,13.52,15.86,16.3,15.23,10,10.1,7.2,3.22
Arnsberg,ARNSBERG,4172,218,4172,1987,7.65,2.77,12.94,-0.39,6.23,15.06,9.74,-4.8,0.5,0.29,9.18,9.3,13.8,16.23,15.13,13.93,9.88,5.39,2.65
Arnsberg,ARNSBERG,4172,218,4172,1988,9.09,4.78,13.31,3.52,8.03,15.27,8.81,5.12,2.73,2.77,7.08,14.19,13.98,16.05,15.73,12.62,9.56,4.21,4.68
Arnsberg,ARNSBERG,4172,218,4172,1989,9.26,5.04,13.62,3.28,8.94,15.88,9.2,2.39,2.72,6.41,6.61,13.72,14.77,16.84,16.01,13.58,10.51,3.46,3.57
Arnsberg,ARNSBERG,4172,218,4172,1990,9.5,5.77,13.31,4.54,8.96,16.16,8.95,3.81,6.42,6.85,6.86,13.1,14.68,15.83,17.93,11.25,10.71,4.83,1.47
Arnsberg,ARNSBERG,4172,218,4172,1991,8.08,4.03,12.64,0.57,7.22,15.65,8.75,1.96,-1.96,6.63,6.17,8.83,12.35,18.21,16.27,13.8,8.18,4.29,1.4
Arnsberg,ARNSBERG,4172,218,4172,1992,9.09,3.97,14.25,2.01,9.02,16.92,8.16,1.56,3.16,5.21,7.64,14.17,15.82,17.27,17.65,12.72,6.14,5.69,1.91
Arnsberg,ARNSBERG,4172,218,4172,1993,8.29,3.42,13.57,1.68,9.24,15.13,6.45,3.16,-0.22,3.57,10.33,13.85,15.57,15.56,14.27,11.75,7.15,0.44,3.35
Arnsberg,ARNSBERG,4172,218,4172,1994,9.63,3.49,14.13,2.3,8.57,17.52,9.57,3.07,0.29,6.23,7.26,12.18,15.36,20.61,16.53,12.61,7.79,8.35,4.58
Arnsberg,ARNSBERG,4172,218,4172,1995,8.88,5.07,13.67,3.73,7.63,16.69,9.43,1.36,5.4,3.06,8.12,11.71,13.79,19.11,17.07,11.97,11.9,4.34,-1.56
Arnsberg,ARNSBERG,4172,218,4172,1996,6.95,2.25,12.23,-1.39,6.32,15.01,7.87,-1.51,-1.1,1.29,7.41,10.28,14.47,14.89,15.65,10.54,8.79,4.24,-1.78
Arnsberg,ARNSBERG,4172,218,4172,1997,9.2,3.34,13.94,-0.04,8.78,17.03,8.81,-2.52,4.62,6.85,6.78,12.66,15.36,16.65,19.03,12.96,7.82,5.67,4.17
Arnsberg,ARNSBERG,4172,218,4172,1998,NA,5.52,13.84,4.54,9.57,15.64,NA,3.88,5.69,5.94,8.81,13.93,15.7,15.54,15.67,13.3,NA,NA,NA
Brilon,BRILON,4897,472,4897,1937,7.92,NA,13.09,NA,7.54,15.17,8.18,0.8,2.05,1.81,7.02,13.79,14.64,15.28,15.58,12.08,9.59,2.83,-0.86
Brilon,BRILON,4897,472,4897,1938,7.88,3.36,12.16,0.31,6.53,15.48,9.41,1.43,0.38,6.48,3.46,9.55,14.82,15.15,16.45,13.37,7.71,7.2,-1.87
Brilon,BRILON,4897,472,4897,1939,7.65,3.05,12.82,0.72,5.96,15.89,7.77,2.54,1.56,1.18,7.33,9.41,15.44,15.86,16.34,12.44,5.45,5.5,-1.55
Brilon,BRILON,4897,472,4897,1940,6.08,0.24,11.98,-4.06,6.91,14.22,7.61,-8,-2.54,2.58,7.08,11.06,15.17,14.54,12.96,10.97,7.1,4.78,-2.85
Brilon,BRILON,4897,472,4897,1941,6.67,1.13,11.88,-2.79,5.11,15.67,7.08,-5.09,-0.19,2.99,4.6,7.72,15.85,17.79,13.39,11.81,7.35,2.06,1.35
Brilon,BRILON,4897,472,4897,1942,6.86,-0.1,12.8,-4.16,6.63,14.9,9.34,-7.94,-6.08,2.15,6.78,10.95,13.23,14.5,16.92,14.3,10.85,2.82,2.93
Brilon,BRILON,4897,472,4897,1943,8.36,4.19,13.12,2.04,8.52,15.25,8.44,0.66,2.59,5.11,8.29,12.15,12.67,16.56,16.45,12.39,10.29,2.57,0.07
Brilon,BRILON,4897,472,4897,1944,7.48,2.21,12.9,0.18,6.01,15.77,7.7,2.69,-2.39,-0.27,7.96,10.42,12.68,15.96,18.55,11.6,7.92,3.57,0.67
Brilon,BRILON,4897,472,4897,1945,NA,NA,NA,NA,NA,NA,NA,NA,NA,NA,NA,NA,NA,NA,NA,NA,NA,NA,NA
Brilon,BRILON,4897,472,4897,1946,7.68,NA,13.42,NA,8.23,15.2,8.21,-1.34,1.47,2.9,9.38,12.45,13.17,17.03,15.08,13.24,7.08,4.36,-2.29
Brilon,BRILON,4897,472,4897,1947,8.32,0.32,15.5,-4.18,8.37,18,9.7,-3.7,-6.81,2.73,8.41,13.96,17.31,18.2,18.45,16.49,8.17,4.49,1.13
Brilon,BRILON,4897,472,4897,1948,8.66,3.86,13.17,1.51,8.91,15.03,8.57,3.12,0.19,5.87,8.77,12.09,14.8,15.05,15.24,12.99,8.08,4.67,2.71
Brilon,BRILON,4897,472,4897,1949,8.54,3.38,13.59,2.01,7.29,14.89,10.02,1.43,1.89,1.39,9.57,10.99,12.66,16.17,15.75,16.32,10.4,3.34,2.25
Brilon,BRILON,4897,472,4897,1950,7.89,3.83,13.26,1.56,7.43,16.56,7.63,-0.69,3.29,4.35,5.32,12.56,16.65,16.42,16.6,11.79,7.27,3.85,-2.93
Brilon,BRILON,4897,472,4897,1951,8.2,2.23,12.68,0.2,5.94,15.24,9.37,1.83,1.85,1.55,5.74,10.52,13.97,15.95,15.76,14,7.62,6.56,2.74
Brilon,BRILON,4897,472,4897,1952,7.13,3.1,12.97,0.5,8.19,15.63,5.28,-0.42,-0.92,2.88,9.92,11.82,13.83,16.57,16.42,9.08,6.1,0.62,-0.75
Brilon,BRILON,4897,472,4897,1953,8.34,1.48,12.86,-1.04,8.23,15.01,9.37,-1.51,-0.83,5.01,7.93,11.73,14.53,15.37,15.11,12.38,10.23,5.46,4.06
Brilon,BRILON,4897,472,4897,1954,6.97,3,11.44,-0.71,6.61,13.6,8.69,-3.96,-2.39,4.17,4.51,11.07,14.25,12.11,14.45,12.13,9.41,4.5,2.73
Brilon,BRILON,4897,472,4897,1955,6.73,2.04,11.96,-0.42,4.74,14.81,7.79,-1.33,-2.89,-0.58,6.13,8.72,13.32,15.66,15.4,12.41,7.1,3.88,2.33
Brilon,BRILON,4897,472,4897,1956,6.03,1.01,11.24,-2.55,6,13.02,7.51,-0.75,-9.7,2.63,3.83,11.46,11.14,15.44,12.43,12.95,7.35,2.23,2.49
Brilon,BRILON,4897,472,4897,1957,7.84,3.69,11.77,2,7.11,15.02,7.77,0.45,3.18,6.33,6.64,8.35,15.33,16.25,13.48,10.5,8.98,3.79,0.55
Brilon,BRILON,4897,472,4897,1958,7.32,2.16,12.32,0.54,4.72,14.73,8.56,-0.27,1.43,-1.54,4.05,11.63,13,15.2,15.92,13.93,8.56,3.19,2.28
Brilon,BRILON,4897,472,4897,1959,8.39,3.47,13.22,1.03,8.35,15.85,8.25,-0.32,1.15,5.73,8.66,10.67,14.29,17.47,15.73,12.37,8.69,3.67,2.04
Brilon,BRILON,4897,472,4897,1960,7.52,3.21,11.69,0.99,7.08,13.83,8.62,-0.24,1.18,3.83,6.28,11.12,13.91,13.64,13.95,11.11,8.95,5.81,0.49
Brilon,BRILON,4897,472,4897,1961,8.11,4.07,12.44,1.48,7.47,13.72,9.83,-0.44,4.7,5.05,9.41,8.02,13.94,12.97,14.24,16.15,10.14,3.18,-0.08
Brilon,BRILON,4897,472,4897,1962,5.93,2.16,10.7,0.26,4.23,12.89,7.21,1.29,-0.49,-1.33,6.49,7.6,11.92,12.98,13.73,11.37,8.45,1.78,-3.01
Brilon,BRILON,4897,472,4897,1963,6.22,-0.56,12.15,-5.5,6.64,14.32,9.09,-8.44,-5.02,2.5,7.5,9.94,13.82,15.25,13.87,12.41,7.67,7.23,-2.68
Brilon,BRILON,4897,472,4897,1964,7.35,1.97,12.96,-0.96,6.42,15.05,7.74,-1.23,1.16,-0.2,7.14,12.35,14.87,15.95,14.33,13.01,6.2,4.07,0.52
Brilon,BRILON,4897,472,4897,1965,6.32,1.74,11.11,-0.4,5.52,13.29,6.38,0.54,-2.46,1.26,5.35,9.94,13.78,12.9,13.21,11.39,6.9,0.84,1.48
Brilon,BRILON,4897,472,4897,1966,7.67,2.19,12.52,1.07,7.32,14.41,7.97,-2.35,4.42,2.01,7.99,11.98,15.29,13.66,14.3,11.83,10.35,1.63,0.82
Brilon,BRILON,4897,472,4897,1967,7.92,3.38,12.44,1.32,6.78,15.18,8.7,0.97,2.26,4.06,4.86,11.35,13.05,17.51,14.92,12.74,10.14,3.19,-0.5
Brilon,BRILON,4897,472,4897,1968,7.1,2.25,12.33,-1.06,6.9,14.64,8.42,-1.76,-0.92,3.18,8.2,9.35,14.21,14.76,14.92,12.49,9.55,3.19,-2.22
Brilon,BRILON,4897,472,4897,1969,7.15,1.67,12.69,-0.94,5.89,15.34,8.79,1.78,-2.55,-0.1,5.84,11.93,13.36,17.38,15.22,12.19,10.29,3.86,-4.09
Brilon,BRILON,4897,472,4897,1970,6.86,1.19,11.96,-2.43,4.76,15,8.68,-1.21,-1.94,0.03,3.62,10.6,15.54,14.06,15.43,12.35,8.05,5.67,-0.45
Brilon,BRILON,4897,472,4897,1971,7.59,2.4,12.72,0.26,6.68,15.06,7.09,0.72,0.53,-0.19,7.16,13.08,12.41,16.43,16.25,10.76,8.12,2.36,2.83
Brilon,BRILON,4897,472,4897,1972,7.03,3.06,11.25,1.18,6.44,14.29,6.42,-2,2.81,4.17,5.51,9.6,12.66,16.15,13.99,9.38,6.56,3.32,1.97
Brilon,BRILON,4897,472,4897,1973,7.4,2.53,12.63,0.77,5.87,15.91,7.57,0.18,0.09,2.86,3.49,11.17,15.12,15.65,16.93,13.24,6.77,2.72,0.04
Brilon,BRILON,4897,472,4897,1974,7.7,3.31,11.61,1.85,7.15,13.71,6.6,3.23,2.33,4.65,7.21,9.61,12.42,13.16,15.5,11.65,3.78,4.45,4.08
Brilon,BRILON,4897,472,4897,1975,7.93,3.48,12.81,3.38,5.88,15.85,7.83,4.17,1.73,2.55,5.42,9.66,12.71,16.67,18.08,14.11,6.61,2.8,0.2
Brilon,BRILON,4897,472,4897,1976,NA,1.92,NA,0.51,NA,16.38,8.41,0.54,0.8,0.52,NA,NA,16.05,17.96,15.12,11.64,9.51,4.05,-1.49
Brilon,BRILON,4897,472,4897,1977,7.7,3.3,11.21,0.19,6.44,14.17,8.41,-0.05,2.3,5.38,3.89,9.96,13.32,14.7,14.45,10.76,10.63,3.76,2.85
Brilon,BRILON,4897,472,4897,1978,6.84,3.29,11.05,0.43,6.48,13.29,8,-0.09,-1.68,3.81,5.39,10.22,12.95,13.62,13.28,10.69,9.02,4.25,0
Brilon,BRILON,4897,472,4897,1979,6.66,1.36,11.66,-2.52,6.01,14,7.97,-4.96,-2.59,2.15,5.13,10.71,14.86,13.55,13.61,12.01,8.92,2.95,2.92
Brilon,BRILON,4897,472,4897,1980,6.78,2.9,11.65,0.94,5.7,13.92,7.43,-2.35,2.36,2.55,4.99,9.55,12.98,13.47,15.27,13.51,6.89,1.9,0.12
Brilon,BRILON,4897,472,4897,1981,7.1,2.03,12.41,-1.02,8.26,14.15,7.71,-1.38,-1.86,6.12,6.73,11.88,13.26,14.44,14.73,13.26,6.5,3.42,-2.47
Brilon,BRILON,4897,472,4897,1982,8.32,1.88,13.27,-0.66,6.61,15.88,10.04,-0.22,0.87,3.12,5.38,11.28,14.59,17.41,15.61,15.18,9.04,5.93,1.13
Brilon,BRILON,4897,472,4897,1983,8.17,3.4,13.3,0.61,6.68,16.89,8.21,3.07,-2.69,3.4,7.31,9.36,14.85,19.07,16.67,12.36,8.13,4.13,1.45
Brilon,BRILON,4897,472,4897,1984,7.1,2.36,11.2,0.2,5.18,13.92,9.02,0.06,-0.98,1.2,5.61,8.74,11.68,14.18,15.81,11.04,9.59,6.42,1.58
Brilon,BRILON,4897,472,4897,1985,6.39,1.88,11.88,-2.32,6.65,13.67,6.72,-5.45,-3.16,1.95,6.08,11.91,11.48,15.45,14.01,12.18,8.35,-0.41,3.49
Brilon,BRILON,4897,472,4897,1986,6.89,1.02,11.79,-1.45,6.31,14.8,8.36,-0.78,-7.64,2.24,4.16,12.45,14.58,15.33,14.49,9.49,9.55,6,1.67
Brilon,BRILON,4897,472,4897,1987,6.49,1.5,11.85,-1.72,5.04,13.72,8.68,-6.38,-0.31,-1.54,8.69,8.08,12.22,14.99,13.89,13.21,9.06,3.77,1.88
Brilon,BRILON,4897,472,4897,1988,7.91,3.41,12.37,2.13,6.84,14.36,7.87,3.61,0.81,1.15,6.52,12.84,12.84,14.97,15.23,11.63,8.82,3.12,2.99
Brilon,BRILON,4897,472,4897,1989,8.85,4.51,12.8,2.94,8.13,15.13,8.95,2.88,2.95,6.14,5.22,12.93,13.81,15.86,15.68,13.12,10.03,3.68,3.41
Brilon,BRILON,4897,472,4897,1990,8.48,5.09,12.39,3.6,8.04,15.3,7.98,2.39,5.14,5.84,5.86,12.35,13.56,14.97,17.31,10.03,10.36,3.45,0.1
Brilon,BRILON,4897,472,4897,1991,7.45,3.1,12.03,-0.63,6.68,14.98,8.35,0.71,-2.93,6.34,5.77,7.91,11.04,17.5,16.26,13.5,7.81,3.75,0.92
Brilon,BRILON,4897,472,4897,1992,8.38,3.3,13.63,1.44,7.81,16.46,7.45,0.84,2.65,3.81,6.27,13.31,15.23,16.89,17.23,12.62,5.03,4.8,1.76
Brilon,BRILON,4897,472,4897,1993,7.54,2.86,12.65,1.37,8.61,14.05,5.92,2.27,-0.06,3.13,9.61,13.11,14.18,14.29,13.68,10.91,6.84,-0.01,1.97
Brilon,BRILON,4897,472,4897,1994,8.59,2.55,13.18,1.09,7.5,16.62,8.61,1.9,-0.79,4.96,6.64,10.88,14.02,19.91,15.84,11.56,7.29,7.01,3.13
Brilon,BRILON,4897,472,4897,1995,8.04,3.75,13.03,2.14,6.59,16.3,8.81,-0.12,3.54,1.75,6.88,11.16,12.93,18.82,17.02,11.07,11.69,3.57,-2.2
Brilon,BRILON,4897,472,4897,1996,6.21,1.57,11.52,-2.07,5.49,14.35,7.05,-1.94,-2.06,0.17,7.46,8.89,13.54,14,15.47,9.65,8.57,2.89,-2.42
Brilon,BRILON,4897,472,4897,1997,8.09,2.66,12.9,-0.39,7.13,16.13,7.92,-1.91,3.54,5.37,4.97,10.98,14.2,15.46,18.66,12.89,6.97,3.94,1.68
Brilon,BRILON,4897,472,4897,1998,7.98,3.8,12.75,2.52,8.08,14.65,6.66,1.88,4.16,4.18,7.23,12.81,14.79,14.28,14.9,12.39,6.78,0.81,1.28
Brilon,BRILON,4897,472,4897,1999,8.56,2.74,13.72,1.2,8.41,15.39,9.05,2.67,-0.52,5.02,7.66,12.52,13.5,17.69,14.92,15.89,8.17,3.11,1.39
Brilon,BRILON,4897,472,4897,2000,8.8,3.36,13.33,1.57,8.8,14.76,9.39,0.65,2.77,4.01,8.95,13.44,15.27,13.07,15.95,13.23,9.41,5.52,3.22
Brilon,BRILON,4897,472,4897,2001,8.03,3.97,12.6,1.95,7.17,15.56,8.56,0.57,2.06,2.93,5.53,13,12.59,16.78,17.21,10.15,12.15,3.25,-0.5
Brilon,BRILON,4897,472,4897,2002,8.5,4.22,13,1.7,7.72,15.93,8.14,1.78,4.04,4.56,6.48,12.06,15.43,15.44,16.92,11.47,7.25,5.73,0.59
Brilon,BRILON,4897,472,4897,2003,8.64,2.88,14.45,-0.45,8.34,18.05,8.02,-0.79,-1.22,5.4,7.3,12.29,17.63,17.37,19.14,12.81,5.01,6.34,1.82
Brilon,BRILON,4897,472,4897,2004,7.95,2.9,12.87,1,7.01,15.35,8.66,-0.18,1.39,3.01,8.12,9.92,13.76,15.04,17.19,13.08,9.55,3.33,1.03
Brilon,BRILON,4897,472,4897,2005,8.55,3.02,13.31,0.47,7.85,15.13,10.16,1.74,-1.56,3.63,8.67,11.28,14.8,16.4,14.18,14.49,11.52,4.43,0.86
Brilon,BRILON,4897,472,4897,2006,8.92,NA,14.14,NA,6.24,16.59,11.87,-1.63,-0.88,0.35,6.48,11.89,15.35,20.48,13.89,16.61,12.15,6.83,4.24
Brilon,BRILON,4897,472,4897,2007,8.96,5.98,13.56,3.85,9.52,15.45,7.58,3.78,3.5,5.18,10.69,12.72,15.69,15.62,15.04,11.51,7.74,3.49,2.27
Brilon,BRILON,4897,472,4897,2008,8.46,3.88,13.1,3.01,7.46,15.9,8.12,3.53,3.24,2.94,6.11,13.27,15.26,16.39,16.03,11.32,8.52,4.5,0.15
Brilon,BRILON,4897,472,4897,2009,8.45,2.52,14.08,-0.48,8.88,15.83,9.47,-1.65,0.13,3.29,11.14,12.28,13.26,16.65,17.51,13.54,7.55,7.39,-0.14
Brilon,BRILON,4897,472,4897,2010,6.98,2.22,12.93,-1.68,6.47,16.63,7.66,-3.84,-1.01,3.23,7.82,8.42,14.9,19.44,15.51,11.34,7.95,3.68,-4.1
Brilon,BRILON,4897,472,4897,2011,9.17,2.34,14.03,-0.83,9.49,15.15,10.19,0.66,1.15,4.64,10.98,12.91,14.93,14.27,16.25,14.82,9.37,6.4,3.17
Brilon,BRILON,4897,472,4897,2012,8.21,4.04,13.1,0.57,8.76,15.5,8.45,1.32,-3,6.61,6.76,12.84,13.33,15.66,17.44,12.35,8.47,4.53,1.65
Brilon,BRILON,4897,472,4897,2013,7.61,1.73,12.96,-0.42,5.14,16.17,8.66,-1.02,-2.04,-1.52,6.91,10.09,13.85,17.63,16.95,12.17,10.12,3.66,3.78
Brilon,BRILON,4897,472,4897,2014,9.5,5.21,13.47,3.47,9.24,15.38,10.47,2.67,4.01,6.87,9.99,10.88,13.96,17.83,14.31,13.74,11.27,6.36,1.74
Brilon,BRILON,4897,472,4897,2015,9.01,4.24,13.24,1.15,7.39,16.61,8.9,1.33,0.31,4.12,7.23,10.81,14.1,17.5,18.15,11.41,7.71,7.63,7.14
Brilon,BRILON,4897,472,4897,2016,8.74,4.73,14.17,3.5,7.19,16.48,9.1,1.46,1.8,2.55,6.6,12.41,15.62,17.03,16.75,16.51,7.41,3.42,3.07
Brilon,BRILON,4897,472,4897,2017,8.71,3.65,13.26,1.35,8.63,16.26,8.77,-1.67,2.77,6.83,5.88,13.1,16.27,16.47,16.03,11.59,10.24,4.45,2.04
Brilon,BRILON,4897,472,4897,2018,9.73,3.18,15.82,0.81,9.36,18.08,10.04,2.96,-2.92,1.78,11.91,14.47,16,19.52,18.64,14.18,10.73,5.19,3.41
Brilon,BRILON,4897,472,4897,2019,9.44,4.93,14.07,2.66,7.68,17.95,9.18,-0.3,5.1,5.5,8.3,9.27,18.4,17.31,18.14,12.94,10.27,4.3,3.8
Brilon,BRILON,4897,472,4897,2020,9.66,5.06,14.14,3.79,8.21,16.74,10.09,3.44,4.13,4.3,9.9,10.49,15.53,15.69,18.98,14.17,9.34,6.79,3.02
Brilon,BRILON,4897,472,4897,2021,8.3,4.22,12.8,1.57,6.02,16.27,9.29,-0.06,1.77,4.32,4.3,9.38,17.6,16.33,14.94,14.18,9.4,4.29,2.7
Brilon,BRILON,4897,472,4897,2022,9.84,4.58,14.34,2.74,8.45,17.77,10.59,2.04,3.56,5.36,6.72,13.23,16.85,17.38,19.05,12.61,12.33,6.77,1.68
Brilon,BRILON,4897,472,4897,2023,9.37,5.22,NA,2.45,7.37,NA,11.02,2.54,3.21,4.63,6.22,11.22,17.29,16.84,NA,16.85,11.5,4.68,3.84
Brilon,BRILON,4897,472,4897,2024,9.87,5.64,14.46,3.64,9.72,16.69,9.71,1.35,5.87,6.61,8.82,13.71,14.64,16.96,18.41,14.06,10.46,4.6,2.75
Brilon,BRILON,4897,472,4897,2025,9.41,4.51,14.25,1.9,9.04,16.88,9.42,1.67,1.19,6.04,9.38,11.7,16.91,16.99,16.76,13.66,8.91,5.7,3.49
